post_title,seo_page_title,categoryParent,author_name,post_date,imageDesktop650,imageMobile320,categoryChild,post_url,scraped_at
Hero Counter Guinevere yang Bisa Kamu Coba di Mobile Legends,Hero Counter Guinevere yang Bisa Kamu Coba di Mobile Legends,Esports,Elang,2023-12-08 16:30:05,2023/12/E-13-640x360.jpg,2023/12/E-13-320x180.jpg,Mobile Legends,esports/mobile-legends/hero-counter-guinevere-mobile-legend-mlbb,2023-12-08 16:34:50
Ado The First World Tour Wish Akan Mampir ke Indonesia!,Ado The First World Tour Wish Akan Mampir ke Indonesia!,Geek,Mecca Medina,2023-12-08 15:59:55,2023/12/Ado-The-First-World-Tour-featured-640x360.jpg,2023/12/Ado-The-First-World-Tour-featured-320x180.jpg,Hobi,geek/hobi/ado-the-first-world-tour-wish,2023-12-08 16:34:50
Cloud9 Umumkan Koleksi Ekslusif Merchandise One Piece,Cloud9 Umumkan Koleksi Ekslusif Merchandise One Piece,Geek,Mallasak,2023-12-08 15:30:57,2023/12/Credit-4-2-640x360.jpg,2023/12/Credit-4-2-320x180.jpg,Anime Manga,geek/anime-manga/cloud9-umumkan-koleksi-ekslusif-merchandise-one-piece,2023-12-08 16:34:50
Panduan Rute Farming Terbaik Beryl Conch di Genshin Impact,,Geek,Elang,2023-12-08 15:00:20,2023/12/E-15-640x360.jpg,2023/12/E-15-320x180.jpg,Game,geek/game/rute-farming-beryl-conch-genshin-impact,2023-12-08 16:34:50
RRQ dan Alter Ego Jadi Tim Esports Terpopuler di Q3 2023,RRQ dan Alter Ego Jadi Tim Esports Terpopuler di Q3 2023,Esports,Mecca Medina,2023-12-08 14:40:34,2023/12/rrq-alter-ego-tim-terpopuler-featured-640x360.jpg,2023/12/rrq-alter-ego-tim-terpopuler-featured-320x180.jpg,Esports Lain,esports/esports-lain/rrq-alter-ego-tim-terpopuler,2023-12-08 16:34:50
"Twitch Bakal Berhenti Beroperasi di Korea Selatan, Apa Alasannya?","Twitch Bakal Berhenti Beroperasi di Korea Selatan, Apa Alasannya?",Tekno,Sandi,2023-12-08 14:20:11,2023/12/twitch-korea-selatan-640x360.jpg,2023/12/twitch-korea-selatan-320x180.jpg,Aplikasi,tekno/aplikasi/twitch-bakal-berhenti-beroperasi-di-korea-selatan-apa-alasannya,2023-12-08 16:34:50
"Emblem dan Item Masha Versi R7, Jadi Full untuk Damage!","Emblem dan Item Masha Versi R7, Jadi Full untuk Damage!",Esports,Taufiq Radityadji,2023-12-08 14:00:28,2023/12/Emblem-Masha-Versi-R7-Featured-640x360.jpg,2023/12/Emblem-Masha-Versi-R7-Featured-320x180.jpg,Mobile Legends,esports/mobile-legends/emblem-masha-versi-r7,2023-12-08 16:34:50
DLC Final Fantasy XVI Bakal Sajikan Kisah Masa Lalu Claive,DLC Final Fantasy XVI Bakal Sajikan Kisah Masa Lalu Claive,Geek,Sandi,2023-12-08 13:40:07,2023/12/dlc-final-fantasy-xvi-640x360.jpg,2023/12/dlc-final-fantasy-xvi-320x180.jpg,Game,geek/game/dlc-final-fantasy-xvi-bakal-sajikan-kisah-masa-lalu-claive,2023-12-08 16:34:50
Film Anime Original Fureru dari Aniplex Rilis 2024,Anime Fureru Dari Aniplex Segera Rilis Tahun 2024,Geek,Arini Rizki Fauziah,2023-12-08 13:20:13,2023/12/Anime-Fureru-1-640x360.jpg,2023/12/Anime-Fureru-1-320x180.jpg,Anime Manga,geek/anime-manga/anime-fureru,2023-12-08 16:34:50
"Mantan Pelatih Bigetron Era, Razeboy Jelaskan Alasan Belum Adanya MPL Ladies",Mantan Pelatih Bigetron Era Jelaskan Alasan Belum Adanya MPL Ladies,Esports,Retna Kumalasari,2023-12-08 13:00:24,2023/12/MPL-Ladies-1-640x360.jpg,2023/12/MPL-Ladies-1-320x180.jpg,Mobile Legends,esports/mobile-legends/alasan-belum-adanya-mpl-ladies,2023-12-08 16:34:50
Prediksi ONIC vs Blacklist International di Knockout M5,Prediksi Onic Esports vs Blacklist International di Knockout M5,Esports,Farid Ansori,2023-12-08 12:40:42,2023/12/IMG_7123-640x360.jpeg,2023/12/IMG_7123-320x180.jpeg,Mobile Legends,esports/mobile-legends/prediksi-onic-vs-blacklist-m5,2023-12-08 16:34:50
"Pemenang Esports The Game Awards 2023: Pemenang Beda, Riot Games Berjaya",Pemenang Esports The Game Awards 2023: Riot Games Berjaya!,Esports,Mecca Medina,2023-12-08 12:20:12,2023/12/pemenang-esports-the-game-awards-2023-featured-640x360.jpg,2023/12/pemenang-esports-the-game-awards-2023-featured-320x180.jpg,Esports Lain,esports/esports-lain/pemenang-esports-the-game-awards-2023,2023-12-08 16:34:50
Pemenang The Game Awards 2023: Baldur's Gate 3 Sukses Besar,Pemenang The Game Awards 2023: Baldur's Gate 3 Sukses Besar,Geek,Mecca Medina,2023-12-08 12:00:02,2023/12/pemenang-the-game-awards-2023-featured-640x360.jpg,2023/12/pemenang-the-game-awards-2023-featured-320x180.jpg,Game,geek/game/pemenang-the-game-awards-2023,2023-12-08 16:34:50
"Exoborne Diumumkan di TGA 2023, Digarap Developer Ex-The Division","Exoborne Diumumkan di TGA 2023, Digarap Developer Ex-The Division",Geek,Mecca Medina,2023-12-08 11:40:59,2023/12/exoborne-featured-640x360.jpg,2023/12/exoborne-featured-320x180.jpg,Game,geek/game/exoborne,2023-12-08 16:34:50
"Fakta Menarik Tentang Monster Hunter Rise, Ada Tema Baru?","Fakta Menarik Tentang Monster Hunter Rise, Ada Tema Baru?",Geek,Dwi Ayu,2023-12-08 11:20:24,2023/12/D-25-640x360.jpg,2023/12/D-25-320x180.jpg,Game,geek/game/fakta-menarik-tentang-monster-hunter-rise-ada-tema-baru,2023-12-08 16:34:50
Hero Group Stage M5 yang Paling Sering Di-Pick Pemain,Hero Group Stage M5 yang Paling Sering Di-Pick Pemain,Esports,Mecca Medina,2023-12-08 11:00:07,2023/12/Hero-Group-Stage-M5-featured-640x360.jpg,2023/12/Hero-Group-Stage-M5-featured-320x180.jpg,Mobile Legends,esports/mobile-legends/hero-group-stage-m5,2023-12-08 16:34:50
Daftar Multi Tier Augments yang Tersedia di Teamfight Tactics (TFT) Mobile,Daftar Multi Tier Augments yang Tersedia di Teamfight Tactics (TFT) Mobile,Esports,iqbal nuril,2023-12-08 10:20:48,2023/12/Daftar-Multi-Tier-Augments-yang-Tersedia-di-Teamfight-Tactics-TFT-Mobile-640x360.jpg,2023/12/Daftar-Multi-Tier-Augments-yang-Tersedia-di-Teamfight-Tactics-TFT-Mobile-320x180.jpg,Esports Lain,esports/esports-lain/multi-tier-augments-tft-mobile,2023-12-08 16:34:50
Rahasia Serangan Pneuma dan Ousia Genshin Impact,,Geek,Friska,2023-12-08 10:00:41,2023/12/D-5-640x360.jpg,2023/12/D-5-320x180.jpg,Game,geek/game/rahasia-serangan-pneuma-dan-ousia-genshin-impact,2023-12-08 16:34:50
"Klasemen Akhir Group Stage M5, Banyak Kejutan Muncul!","Klasemen Akhir Group Stage M5, Banyak Kejutan Muncul!",Esports,Mecca Medina,2023-12-08 09:30:19,2023/12/Klasemen-Akhir-Group-Stage-M5-featured-640x360.jpg,2023/12/Klasemen-Akhir-Group-Stage-M5-featured-320x180.jpg,Mobile Legends,esports/mobile-legends/klasemen-akhir-group-stage-m5,2023-12-08 16:34:50
Jadwal dan Format Babak Knockout Hingga Grand Final M5!,Jadwal dan Format Babak Knockout Hingga Grand Final M5!,Esports,Farid Ansori,2023-12-08 09:00:46,2023/12/IMG_7112-640x360.jpeg,2023/12/IMG_7112-320x180.jpeg,Mobile Legends,esports/mobile-legends/jadwal-format-hasil-knockout-grand-final-m5,2023-12-08 16:34:50
Daftar Silver Tier Augments yang Tersedia di Teamfight Tactics (TFT) Mobile,Daftar Silver Tier Augments yang Tersedia di TFT Mobile,Esports,iqbal nuril,2023-12-08 08:30:14,2023/12/Daftar-Silver-Tier-Augments-yang-Tersedia-di-Teamfight-Tactics-TFT-Mobile-640x360.jpg,2023/12/Daftar-Silver-Tier-Augments-yang-Tersedia-di-Teamfight-Tactics-TFT-Mobile-320x180.jpg,Esports Lain,esports/esports-lain/silver-augments-tft-mobile,2023-12-08 16:34:50
Hasil Grup B M5: Fire Flux Salip Blacklist Jadi Raja Grup,Hasil Grup B M5: Fire Flux Salip Blacklist Jadi Raja Grup,Esports,Mecca Medina,2023-12-07 22:46:07,2023/12/Hasil-Grup-B-M5-featured-640x360.jpg,2023/12/Hasil-Grup-B-M5-featured-320x180.jpg,Mobile Legends,esports/mobile-legends/hasil-grup-b-m5,2023-12-08 16:34:50
Daftar Pelatih Terbaik dari Strategi Berbeda di Football Manager 2024,Daftar Pelatih Terbaik dari Strategi Berbeda di Football Manager 2024,Geek,Elang,2023-12-07 21:00:12,2023/12/D-35-640x360.jpg,2023/12/D-35-320x180.jpg,Game,geek/game/daftar-pelatih-terbaik-di-football-manager-2024,2023-12-08 16:34:50
Hasil Grup D M5: TOB Kerek Geek Fam ke Babak Playoff,Hasil Grup D M5: TOB Kerek Geek Fam ke Babak Playoff,Esports,Mecca Medina,2023-12-07 20:34:12,2023/12/Hasil-Grup-D-M5-featured-640x360.jpg,2023/12/Hasil-Grup-D-M5-featured-320x180.jpg,Mobile Legends,esports/mobile-legends/hasil-grup-d-m5,2023-12-08 16:34:50
Blizzard Pamerkan Beberapa Skin yang Berpotensi Masuk Overwatch 2,Blizzard Pamerkan Beberapa Skin yang Berpotensi Masuk Overwatch 2,Esports,Sandi,2023-12-07 20:00:17,2023/12/skin-overwatch-2-640x360.jpg,2023/12/skin-overwatch-2-320x180.jpg,Esports Lain,esports/esports-lain/blizzard-pamerkan-beberapa-skin-overwatch,2023-12-08 16:34:50
Hasil Grup C M5: AP.Bren Ikuti Jejak Sempurna ONIC Esports,Hasil Grup C M5: AP.Bren Ikuti Jejak Sempurna ONIC Esports,Esports,Mecca Medina,2023-12-07 19:30:41,2023/12/Hasil-grup-C-M5-featured-640x360.jpg,2023/12/Hasil-grup-C-M5-featured-320x180.jpg,Mobile Legends,esports/mobile-legends/hasil-grup-c-m5,2023-12-08 16:34:50
"Alasan Kamu Wajib Nonton Undead Unluck, Anime Komedi Terbaru","Alasan Kamu Wajib Nonton Undead Unluck, Anime Komedi Terbaru",Geek,Friska,2023-12-07 19:00:11,2023/12/D-30-640x360.jpg,2023/12/D-30-320x180.jpg,Anime Manga,geek/anime-manga/anime-komedi-terbaru-undead-unluck-wajib-ditonton,2023-12-08 16:34:50
Deretan Skill Mematikan di Genshin Impact,,Geek,Friska,2023-12-07 18:30:16,2023/12/D-9-640x360.jpg,2023/12/D-9-320x180.jpg,Game,geek/game/deretan-skill-mematikan-di-genshin-impact,2023-12-08 16:34:50
Hasil Grup A M5: ONIC Esports Dapatkan Perfect Victory,Hasil Grup A M5: ONIC Esports Dapatkan Perfect Victory,Esports,Mecca Medina,2023-12-07 18:00:03,2023/12/Hasil-Grup-A-M5-featured-640x360.jpg,2023/12/Hasil-Grup-A-M5-featured-320x180.jpg,Mobile Legends,esports/mobile-legends/hasil-grup-a-m5,2023-12-08 16:34:50
Saksikan Ajang Penghargaan Game Bergengsi Lewat Link Streaming The Game Awards 2023 Ini!,Link Streaming The Game Awards 2023 yang Bisa Kamu Gunakan,Geek,Retna Kumalasari,2023-12-07 17:30:23,2023/12/Link-Streaming-The-Game-Awards-2023-featured-640x360.jpeg,2023/12/Link-Streaming-The-Game-Awards-2023-featured-320x180.jpeg,Game,geek/game/link-streaming-the-game-awards-2023,2023-12-08 16:34:50
"ONIC Menang Sempurna di Group Stage M5, Coach Yeb Tak Ingin Sesumbar","ONIC Menang Sempurna di Group Stage M5, Yeb Tak Ingin Sesumbar",Esports,Mecca Medina,2023-12-07 17:00:40,2023/12/ONIC-Menang-Sempurna-di-Group-Stage-M5-featured-640x360.jpg,2023/12/ONIC-Menang-Sempurna-di-Group-Stage-M5-featured-320x180.jpg,Mobile Legends,esports/mobile-legends/onic-menang-sempurna-di-group-stage-m5,2023-12-08 16:34:50
"Hands-On Lenovo Legion Go yang Sudah Resmi Launching di Indonesia, Harga Mulai Rp 13 Jutaan",Hands-On Lenovo Legion Go yang Sudah Resmi Launching di Indonesia,Tekno,Mecca Medina,2023-12-07 16:30:22,2023/12/Hands-On-Lenovo-Legion-Go-featured-639x360.jpg,2023/12/Hands-On-Lenovo-Legion-Go-featured-320x180.jpg,Gadget,tekno/gadget/hands-on-lenovo-legion-go,2023-12-08 16:34:50
Synduality: Noir Part 2 Akan Tayang Perdana 8 Januari 2024,,Geek,Arini Rizki Fauziah,2023-12-07 16:00:55,2023/12/synduality-noir-part-2-3-640x360.jpg,2023/12/synduality-noir-part-2-3-320x180.jpg,Anime Manga,geek/anime-manga/synduality-noir-part-2,2023-12-08 16:34:50
Lokasi Rumput Paling Berbahaya Pada Mobile Legends Saat Early Game,,Esports,Elang,2023-12-07 15:30:23,2023/12/D-18-640x360.jpg,2023/12/D-18-320x180.jpg,Mobile Legends,esports/mobile-legends/lokasi-rumput-paling-berbahaya-pada-mobile-legends-saat-early-game,2023-12-08 16:34:50
SYS Cattt: Kalah Dari ONIC Adalah Hal yang Bagus Buat Kami,SYS Cattt: Kalah Dari ONIC Adalah Hal yang Bagus Buat Kami,Esports,Mecca Medina,2023-12-07 15:00:04,2023/12/SYS-Cattt-onic-featured-640x360.jpg,2023/12/SYS-Cattt-onic-featured-320x180.jpg,Mobile Legends,esports/mobile-legends/sys-cattt-onic,2023-12-08 16:34:50
Tier List Senjata Terbaru di Fortnite Terbaik Saat ini,Tier List Senjata Terbaru di Fortnite Terbaik Saat ini,Esports,LORD,2023-12-07 14:40:20,2023/12/tier-list-senjata-terbaru-featured-640x360.jpg,2023/12/tier-list-senjata-terbaru-featured-320x180.jpg,Esports Lain,esports/esports-lain/tier-list-senjata-terbaru-fortnite,2023-12-08 16:34:50
Tips dan Trik Bermain Eggy Party untuk Pemula,Tips dan Trik Bermain Eggy Party untuk Pemula,Geek,Elang,2023-12-07 14:20:34,2023/12/E-17-640x360.jpg,2023/12/E-17-320x180.jpg,Game,geek/game/tips-trik-eggy-party-untuk-pemula,2023-12-08 16:34:50
Inilah Spesifikasi Minimum Smartphone untuk Bermain TFT Mobile,Inilah Spesifikasi Minimum Smartphone untuk Bermain TFT Mobile,Esports,Jefri Sibarani,2023-12-07 14:00:25,2023/12/spesifikasi-minimum-tft-mobile-640x360.jpg,2023/12/spesifikasi-minimum-tft-mobile-320x180.jpg,Esports Lain,esports/esports-lain/spesifikasi-minimum-untuk-bermain-tft-mobile,2023-12-08 16:34:50
Fakta Tersembunyi di Fortnite yang Jarang Diketahui,Fakta Tersembunyi di Fortnite yang Jarang Diketahui,Esports,LORD,2023-12-07 13:40:08,2023/12/fakta-paling-tersembunyi-fortnite-featured-640x360.jpg,2023/12/fakta-paling-tersembunyi-fortnite-featured-320x180.jpg,Esports Lain,esports/esports-lain/fakta-paling-tersembunyi-di-fortnite,2023-12-08 16:34:50
ONIC Miracle Puji Permainan Lancelot Milik Hazle yang Dibilang Mirip Kairi!,Hazle Seperti Kairi Saat Memainkan Lancelot? Ini Pendapat ONIC Miracle!,Esports,Taufiq Radityadji,2023-12-07 13:20:04,2023/12/Hazle-Seperti-Kairi-featured-640x360.jpg,2023/12/Hazle-Seperti-Kairi-featured-320x180.jpg,Mobile Legends,esports/mobile-legends/hazle-seperti-kairi,2023-12-08 16:34:50
Paten Baru Indikasikan akan Ada Nintendo Switch Mini,Paten Baru Indikasikan akan Ada Nintendo Switch Mini,Geek,Spades,2023-12-07 13:00:15,2023/12/nintendo-switch-mini-featured-640x360.jpg,2023/12/nintendo-switch-mini-featured-320x180.jpg,Game,geek/game/nintendo-switch-mini,2023-12-08 16:34:50
Rekomendasi Kombo Skill FF Ala Buriram United Esports. Wajib Kamu Coba!,Kombo Skill FF Ala Buriram United Esports. Wajib Kamu Coba!,Esports,Retna Kumalasari,2023-12-07 12:40:47,2023/12/Kombo-Skill-FF-featured-640x360.jpeg,2023/12/Kombo-Skill-FF-featured-320x180.jpeg,Free Fire,esports/free-fire/rekomendasi-kombo-skill-ff-ala-buriram-united-esports,2023-12-08 16:34:50
Kuantan Jadi Trending Gara-gara Disebut di Anime Jujutsu Kaisen,Kuantan Jadi Trending Gara-gara Disebut di Anime Jujutsu Kaisen,Geek,Ahwil Rizky Muhammad,2023-12-07 12:20:33,2023/12/Kuantan-Trending-Gara-gara-Anime-Jujutsu-Kaisen-Featured-640x360.jpg,2023/12/Kuantan-Trending-Gara-gara-Anime-Jujutsu-Kaisen-Featured-320x180.jpg,Anime Manga,geek/anime-manga/kuantan-trending-anime-jujutsu-kaisen,2023-12-08 16:34:50
Jungler Terbaik di Patch Terbaru League of Legends,Jungler Terbaik di Patch Terbaru League of Legends,Esports,LORD,2023-12-07 12:00:10,2023/12/patch-terbaru-league-of-legends-featured-640x360.jpg,2023/12/patch-terbaru-league-of-legends-featured-320x180.jpg,Esports Lain,esports/esports-lain/jungler-patch-terbaru-league-of-legends,2023-12-08 16:34:50
"Jadwal Livestream Genshin Impact v4.3, Catat!","Jadwal Livestream Genshin Impact v4.3, Catat!",Geek,Sandi,2023-12-07 11:40:04,2023/12/genshin-impact-v4.3-640x360.jpg,2023/12/genshin-impact-v4.3-320x180.jpg,Game,geek/game/genshin-impact-v4-3-catat-jadwal-livestream,2023-12-08 16:34:50
Daftar Gold Tier Augments yang Tersedia di Teamfight Tactics (TFT) Mobile,Daftar Gold Tier Augments yang Tersedia di Teamfight Tactics (TFT) Mobile,Esports,iqbal nuril,2023-12-07 11:24:47,2023/12/Daftar-Gold-Tier-Augments-yang-Tersedia-di-Teamfight-Tactics-TFT-Mobile-640x360.jpg,2023/12/Daftar-Gold-Tier-Augments-yang-Tersedia-di-Teamfight-Tactics-TFT-Mobile-320x180.jpg,Esports Lain,esports/esports-lain/gold-tier-augments-tft-mobile,2023-12-08 16:34:50
"Skenario Tiebreaker Grup D M5, Nasib 3 Tim Ditentukan di 1 Match!","Skenario Tiebreaker Grup D M5, Nasib 3 Tim Ditentukan di 1 Match",Esports,Mecca Medina,2023-12-07 09:11:05,2023/12/Skenario-Tiebreaker-Grup-D-M5-featured-640x360.jpg,2023/12/Skenario-Tiebreaker-Grup-D-M5-featured-320x180.jpg,Mobile Legends,esports/mobile-legends/skenario-tiebreaker-grup-d-m5,2023-12-08 16:34:50
"Klasemen Group Stage M5 World Championship, 16 Tim Balapan Menuju Playoff",Klasemen Group Stage M5 World Championship Sementara,Esports,Mecca Medina,2023-12-07 08:30:02,2023/12/Klasemen-group-stage-M5-World-Championship-featured-640x360.jpg,2023/12/Klasemen-group-stage-M5-World-Championship-featured-320x180.jpg,Mobile Legends,esports/mobile-legends/klasemen-group-stage-m5,2023-12-08 16:34:50
Pengadilan Eropa ingin Gamer Bisa Jual Game Digital Steam? Ini Kabarnya!,Pengadilan Eropa ingin Gamer Jual Game Digital Steam? Ini Kabarnya!,Geek,Spades,2023-12-06 21:00:10,2023/12/jual-game-digital-steam-featured-640x360.jpg,2023/12/jual-game-digital-steam-featured-320x180.jpg,Game,geek/game/jual-game-digital-steam,2023-12-08 16:34:50
Kelebihan Zhongli si Paling Tampan di Genshin Impact,,Geek,Friska,2023-12-06 20:00:03,2023/12/D-8-640x360.jpg,2023/12/D-8-320x180.jpg,Game,geek/game/kelebihan-zhongli-si-paling-tampan-di-genshin-impact,2023-12-08 16:34:50
Daftar Hero Explaner yang Bisa Counter Hero Khaleed,Daftar Hero Explaner yang Bisa Counter Hero Khaleed,Esports,Elang,2023-12-06 19:30:52,2023/12/E-14-640x360.jpg,2023/12/E-14-320x180.jpg,Mobile Legends,esports/mobile-legends/hero-explaner-yang-bisa-counter-hero-khaleed,2023-12-08 16:34:50
"Aboy Gantikan Nnael di M5, Imbas Skorsing 2 Match","Aboy Gantikan Nnael di M5, Imbas Skorsing 2 Match",Esports,Mecca Medina,2023-12-06 19:04:34,2023/12/Aboy-Gantikan-Nnael-di-M5-featured-640x360.jpg,2023/12/Aboy-Gantikan-Nnael-di-M5-featured-320x180.jpg,Mobile Legends,esports/mobile-legends/aboy-gantikan-nnael-di-m5,2023-12-08 16:34:50
Fakta Seru Undead Unluck Harus Diketahui Penggemarnya,,Geek,Friska,2023-12-06 18:30:43,2023/12/D-33-640x360.jpg,2023/12/D-33-320x180.jpg,Anime Manga,geek/anime-manga/fakta-seru-undead-unluck-harus-diketahui-penggemarnya,2023-12-08 16:34:50
Cara Farming Arrow of The Beast Hunter di Honkai Star Rail,,Geek,Elang,2023-12-06 18:00:46,2023/12/D-36-640x360.jpg,2023/12/D-36-320x180.jpg,Game,geek/game/cara-farming-arrow-of-the-beast-hunter-di-honkai-star-rail,2023-12-08 16:34:50
Balosykie Jelaskan Taunting ke Deus Vult Tidak Mengarah ke Siapapun,Balosykie Jelaskan Taunting ke Deus Vult Tidak Mengarah ke Siapapun,Esports,Mecca Medina,2023-12-06 17:30:00,2023/12/baloyskie-taunting-deus-vult-featured-640x360.jpg,2023/12/baloyskie-taunting-deus-vult-featured-320x180.jpg,Mobile Legends,esports/mobile-legends/baloyskie-taunting-deus-vult,2023-12-08 16:34:50
Keunggulan Game Rules of Survival Dibanding Battle Royale Lain,Keunggulan Game Rules of Survival Dibanding Battle Royale Lain,Geek,Dwi Ayu,2023-12-06 17:00:54,2023/12/D-27-640x360.jpg,2023/12/D-27-320x180.jpg,Game,geek/game/keunggulan-game-rules-of-survival-dibanding-battle-royale-lain,2023-12-08 16:34:50
"Kid Bomba: Geek Fam Hanya Beruntung, Next Time Kami yang Akan Menang","Kid Bomba: Geek Fam Hanya Beruntung, Next Time Kami Akan Menang",Esports,Mecca Medina,2023-12-06 16:30:00,2023/12/kid-bomba-geek-fam-featured-640x360.jpg,2023/12/kid-bomba-geek-fam-featured-320x180.jpg,Mobile Legends,esports/mobile-legends/kid-bomba-geek-fam,2023-12-08 16:34:50
Sosok Paling Loyal di FaZe Clan Pergi Setelah 12 Tahun Bersama,Sosok Paling Loyal di FaZe Clan Pergi Setelah 12 Tahun Bersama,Esports,Mallasak,2023-12-06 16:00:45,2023/12/Credit-3-640x360.jpg,2023/12/Credit-3-320x180.jpg,Esports Lain,esports/esports-lain/pegawai-terlama-faze-clan-pergi-setelah-12-tahun-bersama,2023-12-08 16:34:50
"Fakta Menarik Rules of Survival Steam, Beda dengan Versi Gratis?",,Geek,Dwi Ayu,2023-12-06 15:30:43,2023/12/D-28-640x360.jpg,2023/12/D-28-320x180.jpg,Game,geek/game/fakta-menarik-rules-of-survival-steam-beda-dengan-versi-gratis,2023-12-08 16:34:50
"Recap IGDX 2023, Dari Roadshow Sampai Conference","Recap IGDX 2023, Dari Roadshow Sampai Conference",Geek,Mecca Medina,2023-12-06 15:11:24,2023/07/IGDX-Academy-2023-featured-640x360.jpg,2023/07/IGDX-Academy-2023-featured-320x180.jpg,Game,geek/game/recap-igdx-2023-dari-roadshow-sampai-conference,2023-12-08 16:34:50
Fakta Menarik Tenchu 3: Wrath of Heaven,,Geek,Dwi Ayu,2023-12-06 15:00:45,2023/12/D-13-640x360.jpg,2023/12/D-13-320x180.jpg,Game,geek/game/fakta-tenchu-3-wrath-of-heaven,2023-12-08 16:34:50
Hero Mage yang Bisa Defense High Ground Seorang Diri,,Esports,Elang,2023-12-06 14:30:45,2023/12/D-17-640x360.jpg,2023/12/D-17-320x180.jpg,Mobile Legends,esports/mobile-legends/hero-mage-yang-bisa-defense-high-ground-seorang-diri,2023-12-08 16:34:50
Lokasi dan Resep Makanan di Fontaine Genshin Impact,,Geek,Dwi Ayu,2023-12-06 14:00:31,2023/12/D-2-640x360.jpg,2023/12/D-2-320x180.jpg,Game,geek/game/lokasi-dan-resep-makanan-di-fontaine-genshin-impact,2023-12-08 16:34:50
Pengalaman Fire Flux Esports Hadapi Gempa Bumi di M5,Pengalaman Fire Flux Esports Hadapi Gempa Bumi di M5,Esports,Mecca Medina,2023-12-06 13:50:31,2023/12/fire-flux-gempa-m5-featured-640x360.jpg,2023/12/fire-flux-gempa-m5-featured-320x180.jpg,Mobile Legends,esports/mobile-legends/fire-flux-gempa-m5,2023-12-08 16:34:50
Pengakuan RSG Light yang Tertarik untuk Bermain di MPL Indonesia,Pengakuan RSG Light yang Tertarik untuk Bermain di MPL Indonesia,Esports,Retna Kumalasari,2023-12-06 13:40:51,2023/12/RSG-Light-featured-640x360.jpeg,2023/12/RSG-Light-featured-320x180.jpeg,Mobile Legends,esports/mobile-legends/rsg-light-tertarik-bermain-di-mpl-indonesia,2023-12-08 16:34:50
Kronologi Taunting Nnael yang Berlebih dan Dihukum Larangan Main di M5,Kronologi Taunting Nnael yang Berlebih dan Dihukum Larangan Main di M5,Esports,Jefri Sibarani,2023-12-06 13:28:12,2023/12/kronologi-taunting-nnael-640x360.jpg,2023/12/kronologi-taunting-nnael-320x180.jpg,Mobile Legends,esports/mobile-legends/kronologi-taunting-nnael-larangan-main-di-m5,2023-12-08 16:34:50
Daftar Game Cyberpunk Terbaik Patut Kamu Coba,,Geek,Dwi Ayu,2023-12-06 13:20:25,2023/12/D-24-640x360.jpg,2023/12/D-24-320x180.jpg,Game,geek/game/daftar-game-cyberpunk-terbaik-patut-kamu-coba,2023-12-08 16:34:50
Roadshow IGDX 2023 Bawa Game Indonesia ke Hadapan Mahasiswa,Roadshow IGDX 2023 Bawa Game Indonesia ke Hadapan Mahasiswa,Geek,Mecca Medina,2023-12-06 13:16:16,2023/12/Roadshow-IGDX-2023-featured-641x360.jpg,2023/12/Roadshow-IGDX-2023-featured-320x180.jpg,Game,geek/game/roadshow-igdx-2023,2023-12-08 16:34:50
Skin Valentina Celestial Judicator Jadi Skin Collector Terbaru yang Dirilis Moonton,Skin Valentina Celestial Judicator Jadi Skin Collector Terbaru yang Dirilis,Esports,Retna Kumalasari,2023-12-06 13:00:16,2023/12/Skin-Valentina-Celestial-Judicator-featured-640x360.jpg,2023/12/Skin-Valentina-Celestial-Judicator-featured-320x180.jpg,Mobile Legends,esports/mobile-legends/skin-valentina-celestial-judicator,2023-12-08 16:34:50
"Tipe Pemain Game Rules of Survival, Kamu Tipe yang Mana?",,Geek,Dwi Ayu,2023-12-06 12:40:20,2023/12/D-29-640x360.jpg,2023/12/D-29-320x180.jpg,Game,geek/game/tipe-pemain-game-rules-of-survival-kamu-tipe-yang-mana,2023-12-08 16:34:50
"Daftar Pengisi Suara ""Seiyuu"" Anime Undead Unluck",,Geek,Friska,2023-12-06 12:20:03,2023/12/D-32-640x360.jpg,2023/12/D-32-320x180.jpg,Anime Manga,geek/anime-manga/daftar-pengisi-suara-anime-undead-unluck,2023-12-08 16:34:50
"Kode Redeem Valorant Terbaru Berlaku Sampai 31 Desember 2023, Bisa Dapat Item Gratis!",Kode Redeem Valorant Terbaru Berlaku Sampai 31 Desember 2023,Esports,iqbal nuril,2023-12-06 12:00:10,2023/12/Kode-Redeem-Valorant-Terbaru-Berlaku-Sampai-31-Desember-2023-Bisa-Dapat-Item-Gratis-640x360.jpg,2023/12/Kode-Redeem-Valorant-Terbaru-Berlaku-Sampai-31-Desember-2023-Bisa-Dapat-Item-Gratis-320x180.jpg,Valorant,esports/valorant/kode-redeem-valorant-terbaru-desember-2023,2023-12-08 16:34:50
Senjata Pilihan Terbaik Untuk Bermain Solo di Genshin Impact,,Geek,Friska,2023-12-06 11:40:46,2023/12/D-7-640x360.jpg,2023/12/D-7-320x180.jpg,Game,geek/game/senjata-pilihan-terbaik-untuk-bermain-solo-di-genshin-impact,2023-12-08 16:34:50
E-Motion Entertainment dan PLAYHERA Global Umumkan Kerjasama untuk PLAYHERA Indonesia,E-Motion Entertainment dan PLAYHERA Global Umumkan Kerjasama untuk PLAYHERA Indonesia,Geek,Jefri Sibarani,2023-12-06 11:28:40,2023/12/playhera-thumb-640x360.jpg,2023/12/playhera-thumb-320x180.jpg,Game,geek/game/e-motion-entertainment-playhera-indonesia,2023-12-08 16:34:50
Valorant Night Market Desember 2023 Segera Meluncur!,Valorant Night Market Desember 2023 Segera Meluncur!,Esports,Arini Rizki Fauziah,2023-12-06 11:20:23,2023/12/valorant-night-market-desember-2023-feature-640x360.jpg,2023/12/valorant-night-market-desember-2023-feature-320x180.jpg,Valorant,esports/valorant/valorant-night-market-desember-2023,2023-12-08 16:34:50
Daftar Item Defense untuk Counter Damage Besar Irithel,,Geek,Elang,2023-12-06 11:00:02,2023/12/E-12-640x360.jpg,2023/12/E-12-320x180.jpg,Game,geek/game/daftar-item-defense-untuk-counter-damage-besar-irithel,2023-12-08 16:34:50
MobaZane Kecewa NA jadi Lelucon di Kejuaraan Dunia M5,MobaZane Kecewa NA jadi Lelucon di Kejuaraan Dunia M5,Esports,Mallasak,2023-12-06 10:40:43,2023/12/Credit-1-2-640x360.jpg,2023/12/Credit-1-2-320x180.jpg,Mobile Legends,esports/mobile-legends/mobazane-kecewa-na-jadi-lelucon-di-kejuaraan-dunia-m5,2023-12-08 16:34:50
Ini 3 Momen Terbaik di VCT Game Changers 2023!,,Esports,Arini Rizki Fauziah,2023-12-06 10:20:34,2023/12/Momen-terbaik-di-Game-Changer-2-640x360.jpg,2023/12/Momen-terbaik-di-Game-Changer-2-320x180.jpg,Valorant,esports/valorant/momen-terbaik-di-game-changer,2023-12-08 16:34:50
Negara dengan Tim Perwakilan Terbanyak di 2023 PMGC Grand Finals!,Negara dengan Tim Perwakilan Terbanyak di 2023 PMGC Grand Finals!,Esports,iqbal nuril,2023-12-06 10:00:36,2023/12/Negara-dengan-Tim-Perwakilan-Terbanyak-di-2023-PMGC-Grand-Finals-640x360.jpg,2023/12/Negara-dengan-Tim-Perwakilan-Terbanyak-di-2023-PMGC-Grand-Finals-320x180.jpg,PUBG Mobile,esports/pubg-mobile/negara-tim-terbanyak-2023-pmgc-grand-finals,2023-12-08 16:34:50
"Profil Nnael, Jungler Geek Fam ID yang Terkena Skorsing 2 Pertandingan di M5","Profil Nnael, Jungler Geek Fam ID yang Terkena Skorsing 2 Pertandingan di M5",Esports,Taufiq Radityadji,2023-12-06 09:30:03,2023/07/Nnael-MLBB-Featured-640x360.jpg,2023/07/Nnael-MLBB-Featured-320x180.jpg,Mobile Legends,esports/mobile-legends/profil-nnael-mlbb,2023-12-08 16:34:50
"Taunting Berlebihan, Nnael Terkena Skorsing 2 Pertandingan di M5","Taunting Berlebihan, Nnael Terkena Skorsing 2 Pertandingan di M5",Esports,LORD,2023-12-06 09:15:54,2023/12/mobile-legends-m5-featured-640x360.jpg,2023/12/mobile-legends-m5-featured-320x180.jpg,Mobile Legends,esports/mobile-legends/nnael-skorsing-mobile-legends-m5,2023-12-08 16:34:50
Pro Player Idola RRQ Snow Ternyata Berasal Dari Filipina,Pro Player Idola RRQ Snow Ternyata Berasal Dari Filipina,Esports,Mecca Medina,2023-12-06 09:00:36,2023/12/Pro-Player-Idola-RRQ-Snow-featured-640x360.jpg,2023/12/Pro-Player-Idola-RRQ-Snow-featured-320x180.jpg,Mobile Legends,esports/mobile-legends/pro-player-idola-rrq-snow,2023-12-08 16:34:50
Ketahui Fitur Game yang Tidak Bisa Digunakan di Dunia Nyata,,Geek,Dwi Ayu,2023-12-05 20:00:12,2023/12/D-10-640x360.jpg,2023/12/D-10-320x180.jpg,Game,geek/game/ketahui-fitur-game-yang-tidak-bisa-digunakan-di-dunia-nyata,2023-12-08 16:34:50
Lagu Tema Anime Blue Exorcist: Shimane Illuminati Saga Terungkap! ,,Geek,Arini Rizki Fauziah,2023-12-05 19:00:38,2023/12/Blue-Exorcist-Shimane-Illuminati-Saga-1-640x360.jpg,2023/12/Blue-Exorcist-Shimane-Illuminati-Saga-1-320x180.jpg,Anime Manga,geek/anime-manga/blue-exorcist-shimane-illuminati-saga,2023-12-08 16:34:50
Lokasi dan Rute Farming Lumitoile di Game Genshin Impact,,Geek,Dwi Ayu,2023-12-05 18:30:06,2023/12/D-1-640x360.jpg,2023/12/D-1-320x180.jpg,Game,geek/game/lokasi-dan-rute-farming-lumitoile-genshin-impact,2023-12-08 16:34:50
Fakta Menarik Pajajaran Esports Bogor di Grand Final LEN 2023!,,Esports,Arini Rizki Fauziah,2023-12-05 18:20:33,2023/12/fakta-pajajaran-esports-feature-640x360.jpg,2023/12/fakta-pajajaran-esports-feature-320x180.jpg,Mobile Legends,esports/mobile-legends/fakta-pajajaran-esports,2023-12-08 16:34:50
Perkiraan 3MarTzy Terkait Pemain Filipina ke Indonesia,Perkiraan 3MarTzy Terkait Pemain Filipina ke Indonesia,Esports,Taufiq Radityadji,2023-12-05 18:00:24,2023/12/Perkiraan-3MarTzy-featured-640x360.jpg,2023/12/Perkiraan-3MarTzy-featured-320x180.jpg,Mobile Legends,esports/mobile-legends/perkiraan-3martzy,2023-12-08 16:34:50
Path untuk Selesaikan Swarm Disaster 5 Honkai Star Rail,,Geek,Dwi Ayu,2023-12-05 17:30:41,2023/12/D-4-640x360.jpg,2023/12/D-4-320x180.jpg,Game,geek/game/path-untuk-selesaikan-swarm-disaster-5-honkai-star-rail,2023-12-08 16:34:50
Ini Rahasia Coach Ducky Untuk Tingkatkan Percaya Diri Pemain AP.Bren!,Cara Tingkatkan Percaya Diri AP.Bren yang Dilakukan Oleh Coach Ducky,Esports,Taufiq Radityadji,2023-12-05 17:00:49,2023/12/Cara-Tingkatkan-Percaya-Diri-AP.Bren-featured-640x360.jpg,2023/12/Cara-Tingkatkan-Percaya-Diri-AP.Bren-featured-320x180.jpg,Mobile Legends,esports/mobile-legends/cara-tingkatkan-percaya-diri-ap-bren,2023-12-08 16:34:50
"Rekomendasi Game Open World PS2, Ada Game Apa Saja?","Rekomendasi Game Open World PS2, Ada Game Apa Saja?",Geek,Dwi Ayu,2023-12-05 16:30:46,2023/12/D-3-640x360.jpg,2023/12/D-3-320x180.jpg,Game,geek/game/rekomendasi-game-open-world-ps2,2023-12-08 16:34:50
UPDATE: Match M5 Fire Flux-RRQ Akira Ditunda Akibat Gempa Bumi di Filipina,Match M5 Fire Flux-RRQ Akira Ditunda Akibat Gempa Bumi di Filipina,Esports,Mecca Medina,2023-12-05 16:15:21,2023/12/Match-M5-Fire-Flux-RRQ-Akira-Ditunda-featured-640x360.jpg,2023/12/Match-M5-Fire-Flux-RRQ-Akira-Ditunda-featured-320x180.jpg,Mobile Legends,esports/mobile-legends/match-m5-fire-flux-rrq-akira-ditunda,2023-12-08 16:34:50
"Hero Mobile Legend yang Sering Membuat ""Miss Skill Target"" pada Minion",,Esports,Elang,2023-12-05 16:00:20,2023/12/D1-14-640x360.jpg,2023/12/D1-14-320x180.jpg,Mobile Legends,esports/mobile-legends/inilah-hero-mobile-legends-yang-sering-membuat-miss-skill-pada-minion,2023-12-08 16:34:50
Acara Kolaborasi Spy x Family vs Street Fighter 6 Resmi Diumumkan,Acara Kolaborasi Spy x Family vs Street Fighter 6 Resmi Diumumkan,Geek,Mallasak,2023-12-05 15:30:15,2023/12/Credit-1-1-640x360.jpg,2023/12/Credit-1-1-320x180.jpg,Game,geek/game/acara-kolaborasi-spy-x-family-vs-street-fighter-6-resmi-diumumkan,2023-12-08 16:34:50
Baloyskie Ungkap Rahasia Comeback Dari Geek Fam Setelah Kalah di Match Pertama,Baloyskie Ungkap Rahasia Comeback Dari Geek Fam di M5,Esports,Mecca Medina,2023-12-05 15:00:07,2023/12/rahasia-comeback-baloyskie-featured-640x360.jpg,2023/12/rahasia-comeback-baloyskie-featured-320x180.jpg,Mobile Legends,esports/mobile-legends/rahasia-comeback-baloyskie,2023-12-08 16:34:50
Cara Menggunakan Fitur Accelerate Duel di Genshin Impact,,Geek,Friska,2023-12-05 14:40:59,2023/12/D-6-640x360.jpg,2023/12/D-6-320x180.jpg,Game,geek/game/cara-menggunakan-fitur-accelerate-duel-di-genshin-impact,2023-12-08 16:34:50
"Kalah Beruntun di M5, TheOhioBrothers Mielow Belajar Hal Ini","Kalah Beruntun di M5, TheOhioBrothers Mielow Belajar Hal Ini",Esports,Mecca Medina,2023-12-05 14:20:28,2023/12/TheOhioBrothers-Mielow-m5-featured-640x360.jpg,2023/12/TheOhioBrothers-Mielow-m5-featured-320x180.jpg,Mobile Legends,esports/mobile-legends/theohiobrothers-mielow-m5,2023-12-08 16:34:50
Daftar Map Valorant Paling Laris di Game Changer,,Esports,Arini Rizki Fauziah,2023-12-05 14:06:31,2023/12/Map-Valorant-Paling-Laris-di-Game-Changer-4-640x360.jpg,2023/12/Map-Valorant-Paling-Laris-di-Game-Changer-4-320x180.jpg,Valorant,esports/valorant/daftar-map-valorant-paling-laris-di-game-changer,2023-12-08 16:34:50
Rekomendasi Pilihan Kursi Gaming yang Nyaman. Mana Favoritmu?,4 Rekomendasi Pilihan Kursi Gaming yang Nyaman. Mana Favoritmu?,Geek,Retna Kumalasari,2023-12-05 14:06:10,2023/12/Pilihan-Kursi-Gaming-featured-640x360.jpg,2023/12/Pilihan-Kursi-Gaming-featured-320x180.jpg,Game,geek/game/rekomendasi-pilihan-kursi-gaming,2023-12-08 16:34:50
"Instagram Lokapala Kena Hack, Bagaimana Kabarnya?","Instagram Game Lokapala Kena Hack, Bagaimana Kabarnya?",Esports,LORD,2023-12-05 14:05:17,2023/12/Instagram-Game-Lokapala-featured-640x360.jpg,2023/12/Instagram-Game-Lokapala-featured-320x180.jpg,Esports Lain,esports/esports-lain/game-lokapala,2023-12-08 16:34:50
5 Champion dengan Damage Output Terbesar di Teamfight Tactics (TFT) Mobile,5 Champion dengan Damage Output Terbesar di TFT Mobile,Esports,iqbal nuril,2023-12-05 14:04:24,2023/12/5-Champion-dengan-Damage-Output-Terbesar-di-Teamfight-Tactics-TFT-Mobile-640x360.jpg,2023/12/5-Champion-dengan-Damage-Output-Terbesar-di-Teamfight-Tactics-TFT-Mobile-320x180.jpg,Esports Lain,esports/esports-lain/5-champion-damage-output-terbesar-tft-mobile,2023-12-08 16:34:50
Gamers to Gamers Festival 2023 Ajak Gamer Kenalan dengan Game Lokal,Gamers to Gamers Festival 2023 Ajak Gamer Kenalan dengan Game Indo,Geek,Mecca Medina,2023-12-05 14:00:47,2023/12/Gamers-to-Gamers-Festival-2023-FEATURED-640x360.jpg,2023/12/Gamers-to-Gamers-Festival-2023-FEATURED-320x180.jpg,Game,geek/game/gamers-to-gamers-festival-2023,2023-12-08 16:34:50
"Jump Festa 24 Meluncur, Menyajikan 'Super Stage Red'!",,Geek,Arini Rizki Fauziah,2023-12-05 13:40:14,2023/12/jump-festa-24-feature-640x360.jpg,2023/12/jump-festa-24-feature-320x180.jpg,Anime Manga,geek/anime-manga/jump-festa-24-meluncur-menyajikan-super-stage-red,2023-12-08 16:34:50
Captain Tsubasa: Ace Rilis di Seluruh Dunia Untuk iOS dan Android,Captain Tsubasa: Ace Rilis di Seluruh Dunia Untuk iOS dan Android,Geek,AI.da Lovelace,2023-12-05 13:20:42,2023/12/Captain-Tsubasa-Ace-Rilis-featured-640x360.jpg,2023/12/Captain-Tsubasa-Ace-Rilis-featured-320x180.jpg,Game,geek/game/captain-tsubasa-ace-rilis,2023-12-08 16:34:50
"Hero Favorit RRQ Snow, Suka Hero Midlane Range Jauh!","Hero Favorit RRQ Snow, Suka Hero Midlane Range Jauh!",Esports,Mecca Medina,2023-12-05 13:00:36,2023/12/Hero-favorit-RRQ-Snow-featured-640x360.jpg,2023/12/Hero-favorit-RRQ-Snow-featured-320x180.jpg,Mobile Legends,esports/mobile-legends/hero-favorit-rrq-snow,2023-12-08 16:34:50
5 Hal Menarik di Trailer GTA VI yang Baru Saja Dirilis oleh Rockstar Games!,Hal Menarik di Trailer GTA VI yang Baru Saja Dirilis oleh Rockstar Games!,Geek,Retna Kumalasari,2023-12-05 12:40:46,2023/12/hal-menarik-gta-vi-featured-640x360.jpg,2023/12/hal-menarik-gta-vi-featured-320x180.jpg,Game,geek/game/hal-menarik-di-trailer-gta-vi,2023-12-08 16:34:50
Cara Dapat Skin Evo Gun M4A1 Infernal Draco di Free Fire (FF),Cara Dapat Skin Evo Gun M4A1 Infernal Draco di Free Fire (FF),Esports,iqbal nuril,2023-12-05 12:20:18,2023/12/Cara-Dapat-Skin-Evo-Gun-M4A1-Infernal-Draco-di-Free-Fire-FF-640x360.jpg,2023/12/Cara-Dapat-Skin-Evo-Gun-M4A1-Infernal-Draco-di-Free-Fire-FF-320x180.jpg,Free Fire,esports/free-fire/cara-dapat-skin-m4a1-infernal-draco-ff,2023-12-08 16:34:50
Grand Theft Auto (GTA) 6 Kembali Tunda untuk Versi PC?,Grand Theft Auto (GTA) 6 Kembali Tunda untuk Versi PC?,Geek,Arini Rizki Fauziah,2023-12-05 12:00:26,2023/12/gta-6-rilis-pc-3-640x360.jpg,2023/12/gta-6-rilis-pc-3-320x180.jpg,Game,geek/game/gta-6-rilis-pc,2023-12-08 16:34:50
"Senjata PUBG Mobile Favorit BTR uHigh, Ada Apa Saja?","Senjata PUBG Mobile Favorit BTR uHigh, Ada Apa Saja?",Esports,iqbal nuril,2023-12-05 11:40:50,2023/12/3-Senjata-PUBG-Mobile-Favorit-BTR-uHigh-Ada-Apa-Saja-640x360.jpg,2023/12/3-Senjata-PUBG-Mobile-Favorit-BTR-uHigh-Ada-Apa-Saja-320x180.jpg,PUBG Mobile,esports/pubg-mobile/senjata-pubg-mobile-favorit-btr-uhigh,2023-12-08 16:34:50
IGDX Career Bantu Developer Mencari Pekerjaan di Industri Game Lokal,IGDX Career Bantu Developer Mencari Pekerjaan di Industri Game Lokal,Geek,AI.da Lovelace,2023-12-05 11:20:46,2023/12/igdx-career-featured-640x360.jpg,2023/12/igdx-career-featured-320x180.jpg,Game,geek/game/igdx-career,2023-12-08 16:34:50
Pemain Aurora Ungkap yang Mereka Tidak Sukai Tentang Dota 2,Pemain Aurora Ungkap yang Mereka Tidak Sukai Tentang Dota 2,Esports,Mallasak,2023-12-05 11:00:34,2023/12/Credit-6-640x360.jpg,2023/12/Credit-6-320x180.jpg,Dota 2,esports/dota-2/pemain-aurora-ungkap-apa-yang-mereka-tidak-sukai-tentang-dota,2023-12-08 16:34:50
Trailer Quan Chi Mortal Kombat 1 Hadirkan Kameo Khameleon,Trailer Quan Chi Mortal Kombat 1 Hadirkan Kameo Khameleon,Geek,Adagium,2023-12-05 10:40:45,2023/12/quan-chi-mortal-kombat-1-640x360.jpg,2023/12/quan-chi-mortal-kombat-1-320x180.jpg,Game,geek/game/trailer-quan-chi-mortal-kombat-1,2023-12-08 16:34:50
Inilah Item Defense Wajib Build untuk Counter Marksman Meta,,Esports,Elang,2023-12-05 10:20:33,2023/12/E-11-640x360.jpg,2023/12/E-11-320x180.jpg,Mobile Legends,esports/mobile-legends/inilah-item-defense-wajib-build-untuk-counter-marksman-meta,2023-12-08 16:34:50
Pengumuman GTA VI Menjadi Tweet yang Paling Disukai di X,Pengumuman GTA VI Menjadi Tweet yang Paling Disukai di X,Geek,Sandi,2023-12-05 10:00:58,2023/12/gta-vi-640x360.jpg,2023/12/gta-vi-320x180.jpg,Game,geek/game/pengumuman-gta-vi-menjadi-tweet-yang-paling-disukai-di-x,2023-12-08 16:34:50
Panduan Selesaikan Puzzle Kory Drum Genshin Impact,,Geek,Dwi Ayu,2023-12-05 10:00:42,2023/12/D-640x360.jpg,2023/12/D-320x180.jpg,Game,geek/game/panduan-menyelesaikan-puzzle-kory-drum,2023-12-08 16:34:50
"Map Order 2023 PMGC Grand Finals, Ini Dia Urutan Petanya!","Map Order 2023 PMGC Grand Finals, Ini Dia Urutan Petanya!",Esports,iqbal nuril,2023-12-05 09:30:03,2023/12/Map-Order-2023-PMGC-Grand-Finals-Ini-Dia-Urutan-Petanya-640x360.jpg,2023/12/Map-Order-2023-PMGC-Grand-Finals-Ini-Dia-Urutan-Petanya-320x180.jpg,PUBG Mobile,esports/pubg-mobile/map-order-2023-pmgc-grand-finals,2023-12-08 16:34:50
Daftar Video Game yang Adaptasi dari Kisah Nyata,,Geek,Dwi Ayu,2023-12-05 09:00:54,2023/12/D-14-640x360.jpg,2023/12/D-14-320x180.jpg,Game,geek/game/daftar-video-game-yang-adaptasi-dari-kisah-nyata,2023-12-08 16:34:50
Karakter Utama Suicide Squad ISEKAI Diumumkan Lewat Trailer Terbaru! ,,Geek,Arini Rizki Fauziah,2023-12-05 08:00:10,2023/12/karakter-suicide-squad-isekai-feature-640x360.jpg,2023/12/karakter-suicide-squad-isekai-feature-320x180.jpg,Anime Manga,geek/anime-manga/karakter-suicide-squad-isekai,2023-12-08 16:34:50
Coach Bon Chan Jelaskan Perbedaan Pola Rotasi di Patch Mobile Legends Terbaru,Bon Chan Jelaskan Perbedaan Pola Rotasi di Patch MLBB Terbaru,Esports,Retna Kumalasari,2023-12-05 07:30:09,2023/12/Perbedaan-Pola-Rotasi-featured-640x360.jpg,2023/12/Perbedaan-Pola-Rotasi-featured-320x180.jpg,Mobile Legends,esports/mobile-legends/perbedaan-pola-rotasi-di-patch-mlbb-terbaru,2023-12-08 16:34:50
Bigetron Era Raih Titel Juara UniPin Ladies Series SEA Championship 2023,Bigetron Era Raih Titel Juara UniPin Ladies Series SEA Championship 2023,Esports,Jefri Sibarani,2023-12-05 07:30:03,2023/12/unipin-ladies-series-640x360.jpg,2023/12/unipin-ladies-series-320x180.jpg,Mobile Legends,esports/mobile-legends/bigetron-era-juara-unipin-ladies-series-sea-championship-2023,2023-12-08 16:34:50
"Trailer GTA VI Rilis, Kembali ke Vice City di Tahun 2025!","Trailer GTA VI Rilis, Kembali ke Vice City di Tahun 2025!",Geek,Mecca Medina,2023-12-05 06:42:13,2023/12/trailer-gta-vi-rilis-featured-640x360.jpg,2023/12/trailer-gta-vi-rilis-featured-320x180.jpg,Game,geek/game/trailer-gta-vi-rilis,2023-12-08 16:34:50
"Prizepool M5 World Championship Naik, Terbesar Sepanjang Sejarah",,Esports,Arini Rizki Fauziah,2023-12-04 23:00:09,2023/12/prize-pool-m5-naik-feature-640x360.jpg,2023/12/prize-pool-m5-naik-feature-320x180.jpg,Mobile Legends,esports/mobile-legends/prize-pool-m5-naik,2023-12-08 16:34:50
Prediksi Juara dan Top 3 PMGC 2023 Grand Finals,Prediksi Juara dan Top 3 PMGC 2023 Grand Finals,Esports,iqbal nuril,2023-12-04 22:00:00,2023/12/Prediksi-Juara-dan-Top-3-PMGC-2023-Grand-Finals-3-640x360.jpg,2023/12/Prediksi-Juara-dan-Top-3-PMGC-2023-Grand-Finals-3-320x180.jpg,PUBG Mobile,esports/pubg-mobile/prediksi-juara-pmgc-2023-grand-finals,2023-12-08 16:34:50
IGDX Business and Conference 2023 Buat Game Lokal Jadi Tuan Rumah di Negeri Sendiri,IGDX Business and Conference 2023 Hadirkan Rangkaian Acara untuk Game Lokal,Geek,Mecca Medina,2023-12-04 21:00:13,2023/12/IGDX-Business-and-Conference-2023-featured-640x360.jpg,2023/12/IGDX-Business-and-Conference-2023-featured-320x180.jpg,Game,geek/game/igdx-business-and-conference-2023,2023-12-08 16:34:50
Rangkuman Berita Esports Sepekan – 4 Desember 2023,Rangkuman Berita Esports Sepekan – 4 Desember 2023,Esports,Mecca Medina,2023-12-04 20:00:21,2023/12/Rangkuman-Berita-Esports-4-Desember-2023-featured-640x360.jpg,2023/12/Rangkuman-Berita-Esports-4-Desember-2023-featured-320x180.jpg,Esports Lain,esports/esports-lain/rangkuman-berita-esports-4-desember-2023,2023-12-08 16:34:50
"Daftar Caster Indonesia di PMGC 2023 Grand Finals, Siap Kawal Indonesia Jadi Juara!",Daftar Caster Indonesia di PMGC 2023 Grand Finals,Esports,iqbal nuril,2023-12-04 19:30:17,2023/12/Daftar-Caster-Indonesia-di-PMGC-2023-Grand-Finals-Siap-Kawal-Indonesia-Jadi-Juara-640x360.jpg,2023/12/Daftar-Caster-Indonesia-di-PMGC-2023-Grand-Finals-Siap-Kawal-Indonesia-Jadi-Juara-320x180.jpg,PUBG Mobile,esports/pubg-mobile/caster-pmgc-2023-grand-finals,2023-12-08 16:34:50
"ONIC Menang Pakai Tigreal di M5, Ini Kata Coach Yeb!","ONIC Menang Pakai Tigreal di M5, Ini Kata Coach Yeb!",Esports,Arini Rizki Fauziah,2023-12-04 19:00:57,2023/12/tigreal-di-m5s-feature-640x360.jpg,2023/12/tigreal-di-m5s-feature-320x180.jpg,Mobile Legends,esports/mobile-legends/keunggulan-tigrela-di-m5,2023-12-08 16:34:50
Audisi Terbuka IFL Pro untuk Masuk Tim Profesional Free Fire Ladies,Audisi Terbuka IFL Pro untuk Masuk Tim Profesional Free Fire Ladies,Esports,Retna Kumalasari,2023-12-04 18:30:34,2023/12/Audisi-Terbuka-IFL-Pro-featured-640x360.jpeg,2023/12/Audisi-Terbuka-IFL-Pro-featured-320x180.jpeg,Free Fire,esports/free-fire/audisi-terbuka-ifl-pro,2023-12-08 16:34:50
"Alasan Xorn Sering Melakukan Recall Dalam Pertandingan, ""Recall Juga Butuh Latihan!""","Xorn Lakukan Taunting Recall, Menurutnya ""Recall Juga Butuh Latihan!""",Esports,Retna Kumalasari,2023-12-04 18:00:37,2023/12/Recall-Juga-Butuh-Latihan-featured-640x360.jpeg,2023/12/Recall-Juga-Butuh-Latihan-featured-320x180.jpeg,Mobile Legends,esports/mobile-legends/xorn-recall-m5,2023-12-08 16:34:50
Senjata Build DPS Genshin Impact Terbaik yang Harus Kamu Punya,,Geek,Elang,2023-12-04 17:30:12,2023/12/E-10-640x360.jpg,2023/12/E-10-320x180.jpg,Game,geek/game/senjata-build-dps-genshin-impact-terbaik-yang-harus-kamu-punya,2023-12-08 16:34:50
Apa Sih Perbedaan Antara Brand Ambassador dan Talent? Simak Jawabannya di Sini!,Beda BA dengan Talent di Dalam Sebuah Organisasi Esports,Esports,Taufiq Radityadji,2023-12-04 17:00:49,2023/12/Beda-BA-dengan-Talent-featured-640x360.jpg,2023/12/Beda-BA-dengan-Talent-featured-320x180.jpg,Esports Lain,esports/esports-lain/beda-ba-dengan-talent,2023-12-08 16:34:50
Alasan Harus Reroll Eternity Ketika Mulai Bermain Reverse 1999,Alasan Reroll Eternity Ketika Mulai Bermain Reverse 1999,Geek,Elang,2023-12-04 16:30:04,2023/12/Alasan-Reroll-Eternity-featured-640x360.jpg,2023/12/Alasan-Reroll-Eternity-featured-320x180.jpg,Game,geek/game/alasan-reroll-eternity-reverse-1999,2023-12-08 16:34:50
Hearthstone Battlegrounds Season 6 Dimulai Tanggal 5 Desember 2023,Hearthstone Battlegrounds Season 6 Dimulai Tanggal 5 Desember 2023,Esports,AI.da Lovelace,2023-12-04 16:00:25,2023/12/Hearthstone-Battlegrounds-Season-6-featured-640x360.jpg,2023/12/Hearthstone-Battlegrounds-Season-6-featured-320x180.jpg,Esports Lain,esports/esports-lain/hearthstone-battlegrounds-season-6,2023-12-08 16:34:50
Honkai Impact 3 v7.1 Menghadirkan Battlesuit Griseo Baru,Honkai Impact 3 v7.1 Menghadirkan Battlesuit Griseo Baru,Geek,AI.da Lovelace,2023-12-04 15:30:27,2023/12/Honkai-Impact-3-v7.1-featured-640x360.jpg,2023/12/Honkai-Impact-3-v7.1-featured-320x180.jpg,Game,geek/game/honkai-impact-3-v7-1,2023-12-08 16:34:50
Film Anime Oomuro-Ke: Spin-Off Yuri YuruYuri Rilis 2 Februari 2024,Film Anime Oomuro-Ke: Spin-Off Yuri YuruYuri Rilis 2 Februari 2024,Geek,Arini Rizki Fauziah,2023-12-04 15:00:42,2023/12/Film-Anime-Omuro-Ke-feature-640x360.jpg,2023/12/Film-Anime-Omuro-Ke-feature-320x180.jpg,Anime Manga,geek/anime-manga/tanggal-tayang-film-anime-oomuro-ke,2023-12-08 16:34:50
"Game Waifu Terlaris 2023, Mana yang Kamu Mainkan?","Game Waifu Terlaris 2023, Mana yang Kamu Mainkan?",Geek,Mecca Medina,2023-12-04 14:30:23,2023/12/Game-waifu-terlaris-2023-featured-640x360.jpg,2023/12/Game-waifu-terlaris-2023-featured-320x180.jpg,Game,geek/game/game-waifu-terlaris-2023,2023-12-08 16:34:50
"Sambut M5, Badgalseph Jelaskan Pengaruh Kehadiran Rosa di Fire Flux Esports",Rosa di Fire Flux Esports Berikan Pengaruh Besar di M5,Esports,Retna Kumalasari,2023-12-04 13:00:08,2023/12/Pengaruh-Rosa-di-Fire-Flux-featured-640x360.jpeg,2023/12/Pengaruh-Rosa-di-Fire-Flux-featured-320x180.jpeg,Mobile Legends,esports/mobile-legends/rosa-di-fire-flux-esports,2023-12-08 16:34:50
"Monster di Monster Hunter Rise: Sunbreak, Ada yang Baru?","Monster di Monster Hunter Rise: Sunbreak, Ada yang Baru?",Geek,Dwi Ayu,2023-12-04 12:30:55,2023/11/D-37-640x360.jpg,2023/11/D-37-320x180.jpg,Game,geek/game/monster-di-monster-hunter-rise-sunbreak,2023-12-08 16:34:50
"Profil Pajajaran Esports, Tim Juara Liga 1 Esports Nasional 2023","Profil Pajajaran Esports, Tim Juara Liga 1 Esports Nasional 2023",Esports,Mecca Medina,2023-12-04 12:00:51,2023/12/Profil-Pajajaran-Esports-featured-640x360.jpg,2023/12/Profil-Pajajaran-Esports-featured-320x180.jpg,Mobile Legends,esports/mobile-legends/profil-pajajaran-esports,2023-12-08 16:34:50
Besok! Tanggal Rilis Trailer GTA 6 Diungkap Oleh Rockstar,Tanggal Rilis Trailer GTA 6 Diungkap Oleh Rockstar,Geek,AI.da Lovelace,2023-12-04 11:30:34,2023/12/tanggal-rilis-trailer-GTA-6-featured-640x360.jpg,2023/12/tanggal-rilis-trailer-GTA-6-featured-320x180.jpg,Game,geek/game/tanggal-rilis-trailer-gta-6,2023-12-08 16:34:50
"EKSKLUSIF: Hero Dota 2 Nyebelin Versi Lil Salmonela, Ada yang Susah Mati!","Hero Dota 2 Nyebelin Versi Lil Salmonela, Ada yang Susah Mati!",Esports,Mecca Medina,2023-12-04 11:00:08,2023/12/Hero-Dota-2-lil-salmonela-featured-640x360.jpg,2023/12/Hero-Dota-2-lil-salmonela-featured-320x180.jpg,Dota 2,esports/dota-2/hero-dota-2-nyebelin-versi-lil-salmonela,2023-12-08 16:34:50
"Profil Shopify Rebellion, Juara VCT Game Changers 2023","Profil Shopify Rebellion, Juara VCT Game Changers 2023",Esports,Mecca Medina,2023-12-04 10:30:40,2023/12/Profil-Shopify-Rebellion-featured-640x360.jpg,2023/12/Profil-Shopify-Rebellion-featured-320x180.jpg,Valorant,esports/valorant/profil-shopify-rebellion-gc,2023-12-08 16:34:50
Thorin Pertanyakan Kenapa Team Spirit Tidak Masuk Esports Award 2023,Thorin Pertanyakan Kenapa Team Spirit Tidak Masuk Esports Award 2023,Esports,Mallasak,2023-12-04 10:00:37,2023/12/team-spirit-esports-awards-2023-featured-640x360.jpg,2023/12/team-spirit-esports-awards-2023-featured-320x180.jpg,Dota 2,esports/dota-2/team-spirit-esports-awards-2023,2023-12-08 16:34:50
"Profil florescent, MVP VCT Game Changers 2023 Dari Shopify Rebellion","Profil florescent, MVP VCT Game Changers 2023 Dari Shopify Rebellion",Esports,Mecca Medina,2023-12-04 09:30:36,2023/12/profil-florescent-featured-640x360.jpg,2023/12/profil-florescent-featured-320x180.jpg,Valorant,esports/valorant/profil-florescent,2023-12-08 16:34:50
Tier List Item Teamfight Tactics (TFT) Mobile Desember 2023,Tier List Item Teamfight Tactics (TFT) Mobile Desember 2023,Esports,iqbal nuril,2023-12-04 09:00:21,2023/12/Tier-List-Item-Teamfight-Tactics-TFT-Mobile-Desember-2023-640x360.jpg,2023/12/Tier-List-Item-Teamfight-Tactics-TFT-Mobile-Desember-2023-320x180.jpg,Esports Lain,esports/esports-lain/tier-list-item-tft-mobile-desember-2023,2023-12-08 16:34:50
Shopify Rebellion Juara VCT Game Changers 2023 Setelah Kalahkan Team Liquid BR,Shopify Rebellion Juara VCT Game Changers 2023!,Esports,Mecca Medina,2023-12-04 08:30:00,2023/12/Shopify-Rebellion-Juara-VCT-Game-Changers-2023-featured-640x360.jpg,2023/12/Shopify-Rebellion-Juara-VCT-Game-Changers-2023-featured-320x180.jpg,Valorant,esports/valorant/shopify-rebellion-juara-vct-game-changers-2023,2023-12-08 16:34:50
Film Detective Conan: The Million-Dollar Five Guiding Stars Rilis 2024!,Detective Conan: The Million-Dollar Five Guiding Stars Rilis 2024!,Geek,Arini Rizki Fauziah,2023-12-04 08:00:46,2023/12/Detective-Conan-The-Million-Dollar-Five-Guiding-Stars-feature-640x360.jpg,2023/12/Detective-Conan-The-Million-Dollar-Five-Guiding-Stars-feature-320x180.jpg,Anime Manga,geek/anime-manga/detective-conan-the-million-dollar-five-guiding-stars,2023-12-08 16:34:50
The Witcher 4 Mulai Perbanyak Jumlah Staf di Dalamnya!,Rekrutmen The Witcher 4 Sudah Berlangsung! Stafnya Banyak!,Geek,Taufiq Radityadji,2023-12-04 07:30:22,2023/12/Rekrutmen-The-Witcher-4-featured-640x360.jpg,2023/12/Rekrutmen-The-Witcher-4-featured-320x180.jpg,Game,geek/game/rekrutmen-the-witcher-4,2023-12-08 16:34:50
Podcast We Say Things Jelaskan Kepergian Tiga Pemain Azure Ray,Podcast We Say Things Jelaskan Kepergian Tiga Pemain Azure Ray,Esports,Mallasak,2023-12-04 07:00:35,2023/12/Дизайн-без-названия-9-640x360.jpg,2023/12/Дизайн-без-названия-9-320x180.jpg,Dota 2,esports/dota-2/we-say-things-azure-ray,2023-12-08 16:34:50
Pajajaran Esports Sukses Jadi Juara Divisi 1 Liga Esports Nasional 2023,Pajajaran Esports Sukses Jadi Juara Divisi 1 Liga Esports Nasional 2023,Esports,Jefri Sibarani,2023-12-03 23:15:33,2023/12/pajajaran-esports-liga-esports-nasional-639x360.jpg,2023/12/pajajaran-esports-liga-esports-nasional-320x180.jpg,Mobile Legends,esports/mobile-legends/pajajaran-esports-juara-divisi-1-liga-esports-nasional-2023,2023-12-08 16:34:50
Beyond Good and Evil Akan Dapatkan Versi Ulang Tahun ke-20!,Beyond Good & Evil 20th Anniversary Edition Akan Hadir!,Geek,Taufiq Radityadji,2023-12-03 23:00:45,2023/12/Beyond-Good-Evil-20th-featured-640x360.jpg,2023/12/Beyond-Good-Evil-20th-featured-320x180.jpg,Game,geek/game/beyond-good-evil-20th,2023-12-08 16:34:50
"Tidak Ketemu di MPLI 2023, SYS Kousei Antusias Melawan ONIC Esports","Tidak Ketemu di MPLI 2023, SYS Kousei Antusias Melawan ONIC Esports",Esports,Mecca Medina,2023-12-03 22:00:28,2023/12/sys-kousei-onic-esports-featured-640x360.jpg,2023/12/sys-kousei-onic-esports-featured-320x180.jpg,Mobile Legends,esports/mobile-legends/sys-kousei-onic-esports,2023-12-08 16:34:50
Cara Mendapatkan Clear Drop Dengan Mudah di Reverse 1999,"Clear Drop Reverse 1999 Bisa Didapatkan Mudah, Gimana Caranya?",Geek,Elang,2023-12-03 21:00:32,2023/12/E-1-640x360.jpg,2023/12/E-1-320x180.jpg,Game,geek/game/clear-drop-reverse-1999,2023-12-08 16:34:50
Ada Typo di Dalam Motherboard ASUS ROG Kolaborasi dengan Evangelion!,Typo ASUS ROG Evangelion yang Tercetak di Motherboard!,Tekno,Taufiq Radityadji,2023-12-03 20:00:51,2023/12/Typo-Asus-ROG-Evangelion-featured-640x360.jpg,2023/12/Typo-Asus-ROG-Evangelion-featured-320x180.jpg,Gadget,tekno/gadget/typo-asus-rog-evangelion,2023-12-08 16:34:50
Black Clover: Rise Of The Wizard King Rilis Resmi di iOS dan Android,Black Clover: Rise Of The Wizard King Rilis Resmi di iOS dan Android,Geek,Mecca Medina,2023-12-03 19:30:43,2023/12/Black-Clover-Rise-Of-The-Wizard-King-Rilis-featured-640x360.jpg,2023/12/Black-Clover-Rise-Of-The-Wizard-King-Rilis-featured-320x180.jpg,Game,geek/game/black-clover-rise-of-the-wizard-king-rilis,2023-12-08 16:34:50
Blue Lock Chapter 243: Kaiser Sang Mawar Biru,Blue Lock Chapter 243: Arti Mawar Biru dari Kaiser,Geek,Adagium,2023-12-03 19:00:01,2023/12/Blue-Lock-Chapter-243-featured-640x360.jpg,2023/12/Blue-Lock-Chapter-243-featured-320x180.jpg,Anime Manga,geek/anime-manga/blue-lock-chapter-243,2023-12-08 16:34:50
TheOhioBrothers Hoon Tidak Senang dengan Kekalahan dari Deus Vult,TheOhioBrothers Hoon Tidak Senang dengan Kekalahan dari Deus Vult,Esports,Mecca Medina,2023-12-03 18:30:02,2023/12/TheOhioBrothers-Hoon-deus-vult-featured-640x360.jpg,2023/12/TheOhioBrothers-Hoon-deus-vult-featured-320x180.jpg,Mobile Legends,esports/mobile-legends/theohiobrothers-hoon-deus-vult,2023-12-08 16:34:50
Team Spirit Korb3n Ingin Azure Ray Didiskualifikasi dari ESL One Kuala Lumpur,Team Spirit Korb3n Ingin Azure Ray Didiskualifikasi dari ESL One KL,Esports,Mallasak,2023-12-03 18:00:25,2023/12/Дизайн-без-названия-4-640x360.jpg,2023/12/Дизайн-без-названия-4-320x180.jpg,Dota 2,esports/dota-2/team-spirit-azure-ray-esl-one,2023-12-08 16:34:50
BTR Sons Daarkness Sebutkan Hal yang Membuat ONIC Esports Spesial,BTR Sons Daarkness Sebutkan Hal yang Membuat ONIC Esports Spesial,Esports,Mecca Medina,2023-12-03 17:30:05,2023/12/BTR-Sons-Daarkness-ONIC-featured-640x360.jpg,2023/12/BTR-Sons-Daarkness-ONIC-featured-320x180.jpg,Mobile Legends,esports/mobile-legends/btr-sons-daarkness-onic,2023-12-08 16:34:50
Nina the Starry Bride: Manga Fantasi Populer Akan Diadaptasi Jadi Anime,,Geek,Arini Rizki Fauziah,2023-12-03 17:00:22,2023/12/anime-nina-the-starry-bride-feature-640x360.jpg,2023/12/anime-nina-the-starry-bride-feature-320x180.jpg,Anime Manga,geek/anime-manga/anime-nina-the-starry-bride,2023-12-08 16:34:50
Perbedaan Bigetron Sons dengan Bigetron Alpha Menurut Coach Yeb,Perbedaan Bigetron Sons dengan Bigetron Alpha Menurut Coach Yeb,Esports,Mecca Medina,2023-12-03 16:30:27,2023/12/perbedaan-bigetron-sons-dengan-bigetron-alpha-featured-640x360.jpg,2023/12/perbedaan-bigetron-sons-dengan-bigetron-alpha-featured-320x180.jpg,Mobile Legends,esports/mobile-legends/perbedaan-bigetron-sons-dengan-bigetron-alpha,2023-12-08 16:34:50
Daftar Hero Mage yang Cocok jadi EXP Laner Mobile Legends,Hero Mage MLBB yang Cocok Dipakai di Posisi EXP Laner,Esports,Elang,2023-12-03 16:00:30,2023/12/Daftar-Hero-Mage-yang-Cocok-jadi-EXP-Laner-Mobile-Legends-640x360.jpg,2023/12/Daftar-Hero-Mage-yang-Cocok-jadi-EXP-Laner-Mobile-Legends-320x180.jpg,Mobile Legends,esports/mobile-legends/mage-mlbb-exp-laner,2023-12-08 16:34:50
Tower of Fantasy di Tiongkok akan Dapatkan Reboot? Ini Informasinya!,Tower of Fantasy Reboot Disiapkan di Tiongkok? Ini Informasinya!,Geek,Spades,2023-12-03 15:30:24,2023/12/tower-of-fantasy-reboot-featured-640x360.jpg,2023/12/tower-of-fantasy-reboot-featured-320x180.jpg,Game,geek/game/tower-of-fantasy-dapatkan-reboot,2023-12-08 16:34:50
Lirik Theme Song M5 Better Than Great yang Dinyanyikan July,Lirik Theme Song M5 Better Than Great yang Dinyanyikan July,Esports,Taufiq Radityadji,2023-12-03 15:00:17,2023/12/Lirik-Theme-Song-M5-featured-640x360.jpg,2023/12/Lirik-Theme-Song-M5-featured-320x180.jpg,Mobile Legends,esports/mobile-legends/lirik-theme-song-m5,2023-12-08 16:34:50
Cara Membangun Tim Reverse 1999 yang Paling Optimum,"Membangun Tim Reverse 1999 Paling Optimum, Bagaimana Caranya?",Geek,Elang,2023-12-03 14:30:02,2023/12/E-2-640x360.jpg,2023/12/E-2-320x180.jpg,Game,geek/game/membangun-tim-reverse-1999,2023-12-08 16:34:50
One Piece Chapter 1100: Bergabungnya Kuma Ke Shichibukai,One Piece Chapter 1100: Bergabungnya Kuma Ke Shichibukai,Geek,Adagium,2023-12-03 14:00:02,2023/12/One-Piece-Chapter-1100-featured-640x360.jpg,2023/12/One-Piece-Chapter-1100-featured-320x180.jpg,Anime Manga,geek/anime-manga/one-piece-chapter-1100,2023-12-08 16:34:50
"Kalah Lagi Dari HomeBois, Coach Pabz Ungkap Kendala Dari Geek Fam","Kalah Lagi Dari HomeBois, Coach Pabz Ungkap Kendala Dari Geek Fam",Esports,Mecca Medina,2023-12-03 13:30:57,2023/12/geek-fam-homebois-pabz-featured-640x360.jpg,2023/12/geek-fam-homebois-pabz-featured-320x180.jpg,Mobile Legends,esports/mobile-legends/geek-fam-homebois-pabz,2023-12-08 16:34:50
"B8 Esports Juara EPL S14, Dendi Capai Prestasi Baru","B8 Esports Juara EPL S14, Dendi Capai Prestasi Baru",Esports,Mallasak,2023-12-03 13:00:53,2023/12/Дизайн-без-названия-2-640x360.jpg,2023/12/Дизайн-без-названия-2-320x180.jpg,Dota 2,esports/dota-2/b8-esports-juara-epl-s14,2023-12-08 16:34:50
"Tips Boss Childe di Genshin Impact, Bagaimana Mengalahkannya?","Tips Boss Childe di Genshin Impact, Bagaimana Mengalahkannya?",Geek,Elang,2023-12-03 12:30:08,2023/12/E-9-640x360.jpg,2023/12/E-9-320x180.jpg,Game,geek/game/tips-boss-childe,2023-12-08 16:34:50
"EKSKLUSIF: Profil Snow, Talent RRQ yang Serba Bisa Dari Game Sampai Cosplay","Profil Snow, Talent RRQ yang Serba Bisa Dari Game Sampai Cosplay",Esports,Mecca Medina,2023-12-03 12:00:51,2023/12/Profil-Snow-rrq-featured-640x360.jpg,2023/12/Profil-Snow-rrq-featured-320x180.jpg,Esports Lain,esports/esports-lain/profil-snow,2023-12-08 16:34:50
Kejadian yang Hanya Dialami Pemain Sepuh Genshin Impact,Sepuh Genshin Impact Telah Merasakan Kejadian Langka Ini,Geek,Elang,2023-12-03 11:30:17,2023/12/E-4-640x360.jpg,2023/12/E-4-320x180.jpg,Game,geek/game/sepuh-genshin-impact,2023-12-08 16:34:50
Film Ghibli The Boy and the Heron Tayang di Bioskop Indonesia! ,Film Ghibli The Boy and the Heron Tayang di Bioskop Indonesia! ,Geek,Arini Rizki Fauziah,2023-12-03 11:00:26,2023/12/the-boy-and-the-heron-tayang-di-indonesia-feature-640x360.jpg,2023/12/the-boy-and-the-heron-tayang-di-indonesia-feature-320x180.jpg,Anime Manga,geek/anime-manga/the-boy-and-the-heron-tayang-di-indonesia,2023-12-08 16:34:50
Ragnarok Retro 2nd Anniversary Update Hadirkan Event Menarik,Ragnarok Retro 2nd Anniversary Update Hadirkan Event Menarik,Geek,AI.da Lovelace,2023-12-03 10:30:52,2023/12/Ragnarok-Retro-2nd-Anniversary-featured-640x360.jpg,2023/12/Ragnarok-Retro-2nd-Anniversary-featured-320x180.jpg,Game,geek/game/ragnarok-retro-2nd-anniversary,2023-12-08 16:34:50
Nidalee Wild Rift Akan Rilis Tahun Depan? Ayo Kita Kenalan!,Nidalee Wild Rift Akan Rilis Tahun Depan? Ayo Kita Kenalan!,Esports,Arini Rizki Fauziah,2023-12-03 10:00:18,2023/12/nidalee-wild-rift-feature-640x360.jpg,2023/12/nidalee-wild-rift-feature-320x180.jpg,Esports Lain,esports/esports-lain/nidalee-wild-rift,2023-12-08 16:34:50
Tips Bermain Legacy of Discord yang Harus Diketahui Pemain,Tips Bermain Legacy of Discord yang Harus Diketahui Pemain,Geek,Dwi Ayu,2023-12-03 09:30:08,2023/11/Tips-Bermain-Legacy-of-Discord-featured-640x360.jpg,2023/11/Tips-Bermain-Legacy-of-Discord-featured-320x180.jpg,Game,geek/game/tips-bermain-legacy-of-discord,2023-12-08 16:34:50
"Tier List Champion Teamfight Tactics (TFT) Mobile Desember 2023, Siapa yang Paling OP?",Tier List Champion Teamfight Tactics (TFT) Mobile Desember 2023,Esports,iqbal nuril,2023-12-03 09:00:19,2023/12/Tier-List-Champion-Teamfight-Tactics-TFT-Mobile-Desember-2023-Siapa-yang-Paling-OP-640x360.jpg,2023/12/Tier-List-Champion-Teamfight-Tactics-TFT-Mobile-Desember-2023-Siapa-yang-Paling-OP-320x180.jpg,Esports Lain,esports/esports-lain/tier-list-champion-tft-mobile-desember-2023,2023-12-08 16:34:50
OhMyV33NUS Tidak Akan Menjadi Pemain Pro League of Legends? Stay di Mobile Legends?,OhMyV33NUS Tidak Akan Jadi Pro LoL dan Tetap di Mobile Legends?,Esports,Taufiq Radityadji,2023-12-03 08:00:21,2023/12/OhMyV33NUS-Tidak-Akan-Jadi-Pro-LoL-featured-640x360.jpg,2023/12/OhMyV33NUS-Tidak-Akan-Jadi-Pro-LoL-featured-320x180.jpg,Mobile Legends,esports/mobile-legends/ohmyv33nus-tidak-akan-jadi-pro-lol,2023-12-08 16:34:50
"Mengenal Karakter Baru Reverse 1999, Melania","Mengenal Melania, Karakter Baru Reverse 1999 yang Jadi DPS",Geek,Elang,2023-12-03 07:30:39,2023/12/E1-640x360.jpg,2023/12/E1-320x180.jpg,Game,geek/game/melania-reverse-1999,2023-12-08 16:34:50
Kenapa Banyak Ex-JKT di Skena Esports? Ini Jawaban Boom Jesslyn!,Boom Jesslyn Ex-JKT48 Cerita Kenapa Banyak Ex-JKT di Skena Esports,Esports,Taufiq Radityadji,2023-12-03 07:00:52,2023/12/Boom-Jesslyn-Ex-JKT48-featured-640x360.jpg,2023/12/Boom-Jesslyn-Ex-JKT48-featured-320x180.jpg,Esports Lain,esports/esports-lain/boom-jesslyn-ex-jkt48,2023-12-08 16:34:50
M5: ONIC Tutup Day 1 dengan Kemenangan atas Bigetron Sons,M5: ONIC Tutup Day 1 dengan Kemenangan atas Bigetron Sons,Esports,Amalia Septiyani,2023-12-02 23:47:52,2023/12/Screenshot_20231202_234059_Instagram-641x360.jpg,2023/12/Screenshot_20231202_234059_Instagram-320x180.jpg,Mobile Legends,esports/mobile-legends/m5-onic-tutup-day-1-dengan-kemenangan-atas-bigetron-sons,2023-12-08 16:34:50
M5: Geek Fam Telan Pahitnya Kekalahan Atas Homebois,M5: Geek Fam Telan Pahitnya Kekalahan Atas Homebois,Esports,Amalia Septiyani,2023-12-02 22:49:43,2023/12/Screenshot_20231202_223722_Instagram-639x360.jpg,2023/12/Screenshot_20231202_223722_Instagram-320x180.jpg,Mobile Legends,esports/mobile-legends/m5-geek-fam-telan-pahitnya-kekalahan-atas-homebois,2023-12-08 16:34:50
Kapan Kira-Kira Rumble akan Rilis di Wild Rift?,Kapan Kira-Kira Rumble akan Rilis di Wild Rift?,Esports,Taufiq Radityadji,2023-12-02 22:00:00,2023/12/Tanggal-Rilis-Rumble-featured-640x360.jpg,2023/12/Tanggal-Rilis-Rumble-featured-320x180.jpg,Esports Lain,esports/esports-lain/tanggal-rilis-rumble,2023-12-08 16:34:50
Daftar Karakter Genshin Impact yang Ada di Ambang Kematian,Daftar Karakter Genshin Impact yang Ada di Ambang Kematian,Geek,Elang,2023-12-02 21:00:57,2023/12/E-8-640x360.jpg,2023/12/E-8-320x180.jpg,Game,geek/game/daftar-karakter-genshin-impact-kematian,2023-12-08 16:34:50
Tips Jago Main Timbersaw di Dota 2 yang Bisa Ditiru,Tips Jago Main Timbersaw di Dota 2 yang Bisa Ditiru,Esports,LORD,2023-12-02 20:00:04,2023/11/tips-jago-main-timbersaw-featured-640x360.jpg,2023/11/tips-jago-main-timbersaw-featured-320x180.jpg,Dota 2,esports/dota-2/tips-jago-main-timbersaw,2023-12-08 16:34:50
M5: Tienzy Jadi Tombak Fire Flux Saat Berhadapan dengan SMG,M5: Tienzy Jadi Tombak Fire Flux Saat Berhadapan dengan SMG,Esports,Amalia Septiyani,2023-12-02 19:35:28,2023/12/20231202_192619-640x360.jpg,2023/12/20231202_192619-320x180.jpg,Mobile Legends,esports/mobile-legends/m5-tienzy-jadi-tombak-fire-flux-saat-berhadapan-dengan-smg,2023-12-08 16:34:50
Apa Saja Fitur Keren  Game Lies of P? Simak Selengkapnya!,Apa Saja Fitur Keren Game Lies of P? Simak Selengkapnya!,Geek,Dwi Ayu,2023-12-02 19:00:26,2023/11/D-29-640x360.jpg,2023/11/D-29-320x180.jpg,Game,geek/game/apa-saja-fitur-keren-game-lies-of-p-simak-selengkapnya,2023-12-08 16:34:50
Tips Memaksimalkan Senjata Panci di PUBG Mobile!,Tips Memaksimalkan Senjata Panci di PUBG Mobile!,Esports,Elang,2023-12-02 18:00:44,2023/08/E-45-640x360.jpg,2023/08/E-45-320x180.jpg,PUBG Mobile,esports/pubg-mobile/tips-panci-pubg-mobile,2023-12-08 16:34:50
Daftar Karakter Reverse 1999 yang Perlu Di-upgrade Saat Early Game,Daftar Karakter Reverse 1999 yang Perlu Di-upgrade Saat Early Game,Geek,Elang,2023-12-02 17:30:33,2023/12/E-3-640x360.jpg,2023/12/E-3-320x180.jpg,Game,geek/game/daftar-karakter-reverse-1999-yang-perlu-di-upgrade-saat-early-game,2023-12-08 16:34:50
"Tips Rotasi Purgatory FF yang Aman, Pasti Auto Booyah!","Tips Rotasi Purgatory FF yang Aman, Pasti Auto Booyah!",Esports,Retna Kumalasari,2023-12-02 17:00:04,2023/08/featured-33-640x360.jpg,2023/08/featured-33-320x180.jpg,Free Fire,esports/free-fire/tips-rotasi-purgatory-ff-yang-aman,2023-12-08 16:34:50
Lokasi Farming Kalpalata Lotus Genshin Impact? Ini Rutenya!,Lokasi Farming Kalpalata Lotus Genshin Impact? Ini Rutenya!,Geek,Elang,2023-12-02 16:30:37,2023/12/E-5-640x360.jpg,2023/12/E-5-320x180.jpg,Game,geek/game/lokasi-farming-kalpalata-lotus-genshin-impact-ini-rutenya,2023-12-08 16:34:50
Daftar Referensi Karakter Anime di Game Mobile Legends,Daftar Referensi Karakter Anime di Game Mobile Legends,Esports,Elang,2023-12-02 16:00:56,2023/08/E-38-640x360.jpg,2023/08/E-38-320x180.jpg,Mobile Legends,esports/mobile-legends/daftar-referensi-karakter-anime-di-game-mobile-legends,2023-12-08 16:34:50
AP Bren Menang Telak Atas Burmese Ghouls di Laga Pembuka M5,AP Bren Menang Telak Atas Burmese Ghouls di Laga Pembuka M5,Esports,Amalia Septiyani,2023-12-02 15:39:38,2023/12/Screenshot_20231202_152622_Instagram-641x360.jpg,2023/12/Screenshot_20231202_152622_Instagram-320x180.jpg,Mobile Legends,esports/mobile-legends/ap-bren-menang-telak-atas-burmese-ghouls-di-laga-pembuka-m5,2023-12-08 16:34:50
"Anime Chained Soldier: Tanggal Rilis, Pemeran, dan Lainnya","Anime Chained Soldier: Tanggal Rilis, Pemeran, dan Lainnya",Geek,Ahwil Rizky Muhammad,2023-12-02 15:30:30,2023/12/Tanggal-Rilis-Anime-Chained-Soldier-Featured-640x360.jpg,2023/12/Tanggal-Rilis-Anime-Chained-Soldier-Featured-320x180.jpg,Anime Manga,geek/anime-manga/anime-chained-soldier-tanggal-rilis-pemeran-dan-lainnya,2023-12-08 16:34:50
Tips Map Sunset Valorant yang Bisa Kamu Coba Sekarang,Tips Map Sunset Valorant yang Bisa Kamu Coba Sekarang,Esports,Retna Kumalasari,2023-12-02 15:00:48,2023/09/featured-6-640x360.jpg,2023/09/featured-6-320x180.jpg,Valorant,esports/valorant/menangkan-permainan-dengan-tips-map-sunset-valorant-berikut-ini,2023-12-08 16:34:50
Cara Melawan Kulve Taroth Monster Hunter World,,Geek,Dwi Ayu,2023-12-02 14:30:17,2023/11/D-35-640x360.jpg,2023/11/D-35-320x180.jpg,Game,geek/game/cara-melawan-kulve-taroth-monster-hunter-world,2023-12-08 16:34:50
Sensitivitas Free Fire (FF) Auto Headshot 2023,Sensitivitas Free Fire (FF) Auto Headshot 2023,Esports,Ahwil Rizky Muhammad,2023-12-02 14:00:15,2023/06/Karakter-Ter-OP-di-Free-Fire-2023-5-640x360.jpg,2023/06/Karakter-Ter-OP-di-Free-Fire-2023-5-320x180.jpg,Free Fire,esports/free-fire/sensitivitas-free-fire-ff-auto-headshot-2023,2023-12-08 16:34:50
5 Karakter Underrated yang Sebenarnya OP di Game Reverse 1999,,Geek,Elang,2023-12-02 13:30:52,2023/11/D-38-640x360.jpg,2023/11/D-38-320x180.jpg,Game,geek/game/5-karakter-underrated-yang-sebenarnya-op-di-game-reverse-1999,2023-12-08 16:34:50
Masalah yang Kerap Dihadapi ketika Berada di Luar Zona PUBG Mobile!,Masalah yang Kerap Dihadapi ketika Berada di Luar Zona PUBG Mobile!,Esports,Ari Fathurriza,2023-12-02 13:00:47,2022/09/SampulKelemahanMusuhdiLuarZona-640x360.jpg,2022/09/SampulKelemahanMusuhdiLuarZona-320x180.jpg,PUBG Mobile,esports/pubg-mobile/kelemahan-musuh-luar-zona-pubg-mobile,2023-12-08 16:34:50
Inilah Achievement Rahasia di Genshin Impact dengan Hadiah Besar,Inilah Achievement Rahasia di Genshin Impact dengan Hadiah Besar,Geek,Elang,2023-12-02 12:30:16,2023/12/E-7-640x360.jpg,2023/12/E-7-320x180.jpg,Game,geek/game/achievement-rahasia-genshin-impact-hadiah-besar,2023-12-08 16:34:50
Fakta Menarik! Jumlah Pemain Filipina Dominasi M5 World Championship,Fakta Menarik! Jumlah Pemain Filipina Dominasi M5 World Championship,Esports,Retna Kumalasari,2023-12-02 12:13:40,2023/12/Pemain-Filipina-Dominasi-M5-featured-640x360.jpg,2023/12/Pemain-Filipina-Dominasi-M5-featured-320x180.jpg,Mobile Legends,esports/mobile-legends/pemain-filipina-dominasi-m5,2023-12-08 16:34:50
"Hero Counter Fredrinn MLBB Terbaik, Ampuh Banget!","Hero Counter Fredrinn MLBB Terbaik, Ampuh Banget!",Esports,Ahwil Rizky Muhammad,2023-12-02 12:00:50,2023/06/Hero-Counter-Fredrinn-MLBB-Terbaik-Featured-640x360.jpg,2023/06/Hero-Counter-Fredrinn-MLBB-Terbaik-Featured-320x180.jpg,Mobile Legends,esports/mobile-legends/hero-counter-fredrinn-mlbb-terbaik,2023-12-08 16:34:50
Daftar Monster Raksasa Paling Besar di Monster Hunter,,Geek,Dwi Ayu,2023-12-02 11:30:04,2023/11/D-36-640x360.jpg,2023/11/D-36-320x180.jpg,Game,geek/game/daftar-monster-raksasa-paling-besar-di-monster-hunter,2023-12-08 16:34:50
Penjelasan Watcher di Dota 2 yang Wajib Kamu Ketahui!,Penjelasan Watcher di Dota 2 yang Wajib Kamu Ketahui!,Esports,LORD,2023-12-02 11:00:28,2023/11/penjelasan-watcher-di-dota-2-641x360.jpg,2023/11/penjelasan-watcher-di-dota-2-320x180.jpg,Dota 2,esports/dota-2/penjelasan-watcher-di-dota,2023-12-08 16:34:50
Path Simulated Universe Honkai Star Rail dan Fungsinya,,Geek,Dwi Ayu,2023-12-02 10:30:32,2023/11/D-32-640x360.jpg,2023/11/D-32-320x180.jpg,Game,geek/game/path-simulated-universe-honkai-star-rail-dan-fungsinya,2023-12-08 16:34:50
Tyler1 Kecewa dengan Keadaan League of Legends Saat Ini,Tyler1 Kecewa dengan Keadaan League of Legends Saat Ini,Esports,Mallasak,2023-12-02 10:00:10,2023/12/Credit--640x360.jpg,2023/12/Credit--320x180.jpg,Esports Lain,esports/esports-lain/tyler1-kecewa-dengan-keadaan-league-of-legends-saat-ini,2023-12-08 16:34:50
"Game Under The Waves, Pengalaman Baru Menjelajah Laut Dalam",,Geek,Dwi Ayu,2023-12-02 09:30:20,2023/11/D-26-640x360.jpg,2023/11/D-26-320x180.jpg,Game,geek/game/game-under-the-waves-pengalaman-baru-menjelajah-laut-dalam,2023-12-08 16:34:50
Jadwal dan Hasil Play-in Hingga Grand Final Liga Esports Nasional (LEN) 2023,Jadwal Play-in Hingga Grand Final Liga Esports Nasional (LEN) 2023,Esports,Jefri Sibarani,2023-12-02 09:15:29,2023/12/liga-esports-nasional-len-2023-640x360.jpg,2023/12/liga-esports-nasional-len-2023-320x180.jpg,Mobile Legends,esports/mobile-legends/jadwal-play-in-grand-final-liga-esports-nasional-len-2023,2023-12-08 16:34:50
"Tips Mudah Melakukan Silent Jump di Valorant, Ini Caranya!",Gimana Caranya Melakukan Silent Jump di Valorant? Berikut Tipsnya,Esports,LORD,2023-12-02 09:00:18,2023/11/silent-jump-di-valorant-featured-640x360.jpg,2023/11/silent-jump-di-valorant-featured-320x180.jpg,Valorant,esports/valorant/silent-jump-di-valorant,2023-12-08 16:34:50
"Anime Astro Note, Kisah Cinta Koki Sci Fi yang Rilis April 2024",,Geek,Arini Rizki Fauziah,2023-12-01 21:00:11,2023/12/anime-astro-note-feature-640x360.jpg,2023/12/anime-astro-note-feature-320x180.jpg,Anime Manga,geek/anime-manga/anime-astro-note-kisah-cinta-koki-sci-fi-yang-rilis-april-2024,2023-12-08 16:34:50
Power Bank Mythia Batford Akan Dihadirkan Fantech Smart Life,Power Bank Mythia Batford Akan Dihadirkan Fantech Smart Life,Tekno,Mecca Medina,2023-12-01 20:30:53,2023/12/power-bank-mythia-batford-featured-640x360.jpg,2023/12/power-bank-mythia-batford-featured-320x180.jpg,Gadget,tekno/gadget/fantech-power-bank-mythia-batford,2023-12-08 16:34:50
Tsuburaya Umumkan Projek Terbaru School Girl vs Ultraman,,Geek,Ahwil Rizky Muhammad,2023-12-01 20:00:09,2023/12/Projek-Baru-School-Girl-vs-Ultraman-Featured-640x360.jpg,2023/12/Projek-Baru-School-Girl-vs-Ultraman-Featured-320x180.jpg,Film,geek/film/tsuburaya-umumkan-projek-terbaru-school-girl-vs-ultraman,2023-12-08 16:34:50
Mengenal Pembagian Class Champion di Teamfight Tactics (TFT) Mobile,Class Champion Teamfight Tactics (TFT) Mobile Dibagi Jadi Banyak Jenis,Esports,iqbal nuril,2023-12-01 19:30:42,2023/12/Mengenal-Pembagian-Class-Champion-di-Teamfight-Tactics-TFT-Mobile-640x360.jpg,2023/12/Mengenal-Pembagian-Class-Champion-di-Teamfight-Tactics-TFT-Mobile-320x180.jpg,Esports Lain,esports/esports-lain/class-champion-teamfight-tactics,2023-12-08 16:34:50
"Arteezy Sebut Komunitas Twitch ""Super Negatif"", Apa Alasannya?","Arteezy Sebut Komunitas Twitch ""Super Negatif"", Apa Alasannya?",Esports,Mallasak,2023-12-01 19:00:03,2023/12/Credit-4-640x360.jpg,2023/12/Credit-4-320x180.jpg,Esports Lain,esports/esports-lain/arteezy-twitch-kick,2023-12-08 16:34:50
Tips Menggunakan Psychubes di Game Reverse 1999,"Tips Psychubes Reverse 1999, Bisa Perkuat Karakter",Geek,Elang,2023-12-01 18:30:45,2023/11/E-118-640x360.jpg,2023/11/E-118-320x180.jpg,Game,geek/game/tips-psychubes-reverse-1999,2023-12-08 16:34:50
Ingin Sembunyikan History Match Mobile Legends? Begini Cara Mengubahnya!,Ingin Sembunyikan History Match Mobile Legends? Begini Caranya!,Esports,Retna Kumalasari,2023-12-01 18:00:43,2023/12/History-Match-featured-640x360.jpg,2023/12/History-Match-featured-320x180.jpg,Mobile Legends,esports/mobile-legends/history-match-mobile-legends,2023-12-08 16:34:50
Free Fire Umumkan Kolaborasi Terbaru dengan Automobili Lamborghini,Kolaborasi Free Fire-Lamborghini Segera Dimulai!,Esports,Amalia Septiyani,2023-12-01 17:30:25,2023/12/20231201_145658-640x360.jpg,2023/12/20231201_145658-320x180.jpg,Free Fire,esports/free-fire/kolaborasi-free-fire-lamborghini,2023-12-08 16:34:50
"ONIC M5 Watch Party Diadakan di 8 Kota Besar, Ini Jadwalnya","ONIC M5 Watch Party Diadakan di 8 Kota Besar, Ini Jadwalnya",Esports,Mecca Medina,2023-12-01 17:00:52,2023/12/onic-m5-watch-party-featured-640x360.jpg,2023/12/onic-m5-watch-party-featured-320x180.jpg,Mobile Legends,esports/mobile-legends/onic-m5-watch-party,2023-12-08 16:34:50
Tips Terbaik Menaikkan Resonate Reverse 1999,,Geek,Elang,2023-12-01 16:30:54,2023/11/E-114-640x360.jpg,2023/11/E-114-320x180.jpg,Game,geek/game/tips-terbaik-menaikkan-resonate-reverse-1999,2023-12-08 16:34:50
5 Solo Carry Agent yang Bisa Digunakan di Valorant,Agent Valorant Solo Carry yang Direkomendasikan untuk Gendong Tim,Esports,LORD,2023-12-01 16:00:15,2023/11/solo-carry-agent-featured-640x360.jpg,2023/11/solo-carry-agent-featured-320x180.jpg,Valorant,esports/valorant/agent-valorant-solo-carry,2023-12-08 16:34:50
Daftar Hero Fighter Penghancur Tank di Mobile Legends,,Esports,Elang,2023-12-01 15:30:03,2023/11/E-122-640x360.jpg,2023/11/E-122-320x180.jpg,Mobile Legends,esports/mobile-legends/daftar-hero-fighter-penghancur-tank-di-mobile-legends,2023-12-08 16:34:50
"Rekomendasi Game dari Adaptasi Film, Apa Saja?","Rekomendasi Game dari Adaptasi Film, Apa Saja?",Geek,Dwi Ayu,2023-12-01 15:00:56,2023/11/D-24-640x360.jpg,2023/11/D-24-320x180.jpg,Game,geek/game/rekomendasi-game-dari-adaptasi-film-apa-saja,2023-12-08 16:34:50
"Potret Pemain Chao Hui EDG di VCT Game Changers 2023, Jago dan Kawaii!",Potret Pemain Chao Hui EDG di VCT Game Changers 2023,Esports,Mecca Medina,2023-12-01 14:40:20,2023/12/Potret-Pemain-Chao-Hui-EDG-featured-640x360.jpg,2023/12/Potret-Pemain-Chao-Hui-EDG-featured-320x180.jpg,Valorant,esports/valorant/potret-pemain-chao-hui-edg-game-changers-2023,2023-12-08 16:34:50
"Lokasi Watch Party M5 di Kota-Kota Besar Indonesia, Ayo Ikutan!","Lokasi Watch Party M5 di Kota-Kota Besar Indonesia, Ayo Ikutan!",Esports,AI.da Lovelace,2023-12-01 14:20:53,2023/12/Lokasi-Watch-Party-M5-featured-640x360.jpg,2023/12/Lokasi-Watch-Party-M5-featured-320x180.jpg,Mobile Legends,esports/mobile-legends/lokasi-watch-party-m5,2023-12-08 16:34:50
Cara Mudah dan Efektif Meningkatkan Rank di Dota!,Cara Mudah dan Efektif Meningkatkan Rank di Dota!,Esports,LORD,2023-12-01 14:00:09,2023/11/meningkatkan-rank-dota-2-featured-640x360.jpg,2023/11/meningkatkan-rank-dota-2-featured-320x180.jpg,Dota 2,esports/dota-2/cara-mudah-meningkatkan-rank-dota,2023-12-08 16:34:50
"Manajer Tim TheOhioBrothers Sebut Server PH MLBB ""Mudah""","Manajer Tim TheOhioBrothers Sebut Server PH MLBB ""Mudah""",Esports,Mallasak,2023-12-01 13:40:38,2023/12/Credit-9-640x360.jpg,2023/12/Credit-9-320x180.jpg,Mobile Legends,esports/mobile-legends/manajer-tim-theohiobrothers-sebut-server-ph-mlbb-mudah,2023-12-08 16:34:50
Inilah NPC Genshin Impact yang Menjadi Favorit Pemain,,Geek,Dwi Ayu,2023-12-01 13:20:32,2023/11/D-28-640x360.jpg,2023/11/D-28-320x180.jpg,Game,geek/game/inilah-npc-genshin-impact-yang-menjadi-favorit-pemain,2023-12-08 16:34:50
Streamer Ladies Valorant yang Wajib Kamu Follow di 2023,Streamer Ladies Valorant yang Wajib Kamu Follow di 2023,Esports,LORD,2023-12-01 13:00:27,2023/11/streamer-wanita-valorant-featured-640x360.jpg,2023/11/streamer-wanita-valorant-featured-320x180.jpg,Valorant,esports/valorant/streamer-wanita-valorant,2023-12-08 16:34:50
"Guide Ekonomi Valorant, Kapan dan Apa yang Harus Dibeli?","Guide Ekonomi Valorant, Kapan dan Apa yang Harus Dibeli?",Esports,LORD,2023-12-01 12:40:20,2023/11/Guide-ekonomi-yang-jelas-featured-640x360.jpg,2023/11/Guide-ekonomi-yang-jelas-featured-320x180.jpg,Valorant,esports/valorant/guide-ekonomi-valorant,2023-12-08 16:34:50
Silvanna Bisa Dipakai Untuk Counter EXP Laner Ini,Silvanna Bisa Dipakai Untuk Counter EXP Laner Ini,Esports,Elang,2023-12-01 12:20:10,2023/11/E-121-640x360.jpg,2023/11/E-121-320x180.jpg,Mobile Legends,esports/mobile-legends/silvanna-counter-exp-laner,2023-12-08 16:34:50
Game Harry Potter HP yang Bisa Dimainkan Potterhead Sejati,Game Harry Potter HP yang Bisa Dimainkan Potterhead Sejati,Geek,Dwi Ayu,2023-12-01 12:00:41,2023/11/D-34-640x360.jpg,2023/11/D-34-320x180.jpg,Game,geek/game/game-harry-potter-hp,2023-12-08 16:34:50
Yamaha Hadirkan Audio Mixer dan Headset untuk Kebutuhan Streaming,Yamaha Hadirkan Audio Mixer dan Headset untuk Kebutuhan Streaming,Tekno,Jefri Sibarani,2023-12-01 11:58:39,2023/12/yamaha-zg01-640x360.jpg,2023/12/yamaha-zg01-320x180.jpg,Gadget,tekno/gadget/yamaha-audio-mixer-headset-streaming,2023-12-08 16:34:50
"Somnus Istirahat Dari Scene Dota 2, Tolak Bujukan CEO Azure Ray untuk Tinggal","Somnus Istirahat, Tolak Bujukan CEO Azure Ray untuk Tinggal",Esports,Mallasak,2023-12-01 11:40:41,2023/11/Credit-5-6-640x360.jpg,2023/11/Credit-5-6-320x180.jpg,Dota 2,esports/dota-2/somnus-istirahat,2023-12-08 16:34:50
Hero Fighter yang Punya Damage Sakit Sejak Level 1,Hero Fighter yang Punya Damage Sakit Sejak Level 1,Esports,Elang,2023-12-01 11:20:01,2023/11/D-39-640x360.jpg,2023/11/D-39-320x180.jpg,Mobile Legends,esports/mobile-legends/hero-fighter-level-1-damage,2023-12-08 16:34:50
"Game yang Mirip dengan Lies of P, Apa Perbandingannya?","Game Mirip Lies of P, Seberapa Miripnya dengan Game Ini?",Geek,Dwi Ayu,2023-12-01 11:00:42,2023/11/D-30-640x360.jpg,2023/11/D-30-320x180.jpg,Game,geek/game/game-mirip-lies-of-p,2023-12-08 16:34:50
Hero Kuat Mobile Legends yang Dibenci Pemain Sendiri,,Esports,Elang,2023-12-01 10:40:24,2023/11/D-40-640x360.jpg,2023/11/D-40-320x180.jpg,Mobile Legends,esports/mobile-legends/hero-kuat-mobile-legends-yang-dibenci-pemain-sendiri,2023-12-08 16:34:50
"Recap VALORANT Game Changers 2023 1 Desember 2023, Evil Geniuses GC Tersingkir","Recap VCT Game Changer 2023 1 Desember 2023, Evil Geniuses GC Tersingkir",Esports,Jefri Sibarani,2023-12-01 10:39:22,2023/12/vct-game-changer-203-640x360.jpg,2023/12/vct-game-changer-203-320x180.jpg,Valorant,esports/valorant/recap-vct-game-changer-2023-1-desember-2023,2023-12-08 16:34:50
"Tips Stone Grilled Olm Honkai Star Rail, Gimana Mendapatkannya?","Tips Stone Grilled Olm Honkai Star Rail, Gimana Mendapatkannya?",Geek,Dwi Ayu,2023-12-01 10:20:48,2023/11/D-31-640x360.jpg,2023/11/D-31-320x180.jpg,Game,geek/game/tips-stone-grilled-olm,2023-12-08 16:34:50
"Raih Penghargaan di Esports Awards 2023, Moonton: Kami Sangat Tersanjung","Raih Penghargaan di Esports Awards 2023, Moonton: Kami Sangat Tersanjung",Esports,Mecca Medina,2023-12-01 10:01:36,2023/12/moonton-Esports-Awards-2023-featured-640x360.jpg,2023/12/moonton-Esports-Awards-2023-featured-320x180.jpg,Mobile Legends,esports/mobile-legends/moonton-esports-awards-2023,2023-12-08 16:34:50
"iQIYI dan Sailson Sukses Selenggarakan ""iQIYI ∙ Sailson Media Day"", Perkenalkan ""IP-Remix""","iQIYI dan Sailson Sukses Selenggarakan ""iQIYI ∙ Sailson Media Day"", Perkenalkan ""IP-Remix""",Geek,Jefri Sibarani,2023-12-01 10:00:03,2023/12/iqity-640x360.jpg,2023/12/iqity-320x180.jpg,Game,geek/game/iqiyi-sailson-media-day-ip-remix,2023-12-08 16:34:50
Pemenang Esports Awards 2023: T1 dan Faker Borong Penghargaan,Pemenang Esports Awards 2023: T1 dan Faker Borong Penghargaan,Esports,Mecca Medina,2023-12-01 09:30:12,2023/12/Pemenang-Esports-Awards-2023-featured2-640x360.jpg,2023/12/Pemenang-Esports-Awards-2023-featured2-320x180.jpg,Esports Lain,esports/esports-lain/pemenang-esports-awards-2023,2023-12-08 16:34:50
Team Liquid Mengkonfirmasi SabeRLight- sebagai Stand-in untuk 33,SabeRLight- Gantikan 33 di ESL One Untuk Menghindari Kejadian Buruk,Esports,Mallasak,2023-12-01 09:00:29,2023/11/Credit-4-6-640x360.jpg,2023/11/Credit-4-6-320x180.jpg,Dota 2,esports/dota-2/saberlight-gantikan-33,2023-12-08 16:34:50
BREAKING: Mobile Legends jadi Esports Mobile Game of the Year di Esports Awards 2023,Mobile Legends Jadi Esports Mobile Game of the Year di Esports Awards 2023,Esports,Mecca Medina,2023-12-01 08:20:58,2023/12/Mobile-Legends-Esports-Awards-2023-featured-640x360.jpg,2023/12/Mobile-Legends-Esports-Awards-2023-featured-320x180.jpg,Mobile Legends,esports/mobile-legends/mobile-legends-esports-awards-2023,2023-12-08 16:34:50
Anime Solo Leveling Tayang di Indonesia? Ini Jadwalnya!,,Geek,Arini Rizki Fauziah,2023-12-01 08:00:28,2023/11/solo-leveling-tayang-di-indonesia-feature-640x360.jpg,2023/11/solo-leveling-tayang-di-indonesia-feature-320x180.jpg,Anime Manga,geek/anime-manga/anime-solo-leveling-tayang-di-indonesia-ini-jadwalnya,2023-12-08 16:34:50
Rekomendasi Build Karakter Bkornblume dari Reverse 1999,,Geek,Elang,2023-12-01 07:30:51,2023/11/E-116-640x360.jpg,2023/11/E-116-320x180.jpg,Game,geek/game/rekomendasi-build-karakter-bkornblume-dari-reverse-1999,2023-12-08 16:34:50
Wasit MPL ID Ungkap Kejadian Lag AE Pai Saat Playoff Season 9,,Esports,Ahwil Rizky Muhammad,2023-12-01 07:00:18,2023/11/Wasit-MPL-ID-ungkap-kejadian-lag-AE-Pai-saat-playoff-season-9-Featured-640x360.jpg,2023/11/Wasit-MPL-ID-ungkap-kejadian-lag-AE-Pai-saat-playoff-season-9-Featured-320x180.jpg,Mobile Legends,esports/mobile-legends/wasit-mpl-id-ungkap-kejadian-lag-ae-pai-saat-playoff-season-9,2023-12-08 16:34:50
"Hero Push Turret Tercepat di Mobile Legends, Ada Favoritmu?",,Esports,Elang,2023-11-30 18:30:21,2023/11/E-120-640x360.jpg,2023/11/E-120-320x180.jpg,Mobile Legends,esports/mobile-legends/hero-push-turret-tercepat-di-mobile-legends,2023-12-08 16:34:50
"Patch League of Legends 13.24: Buff, Nerf, dan Adjustment",,Esports,Arini Rizki Fauziah,2023-11-30 18:00:00,2023/11/Patch-League-of-Legends-13.24-640x360.jpg,2023/11/Patch-League-of-Legends-13.24-320x180.jpg,Esports Lain,esports/esports-lain/patch-league-of-legends-13-24,2023-12-08 16:34:50
Game hololive Fan-Made Ciptaan Pecinta Vtuber,Game hololive Fan-Made Ciptaan Pecinta Vtuber yang Direkomendasikan,Geek,Dwi Ayu,2023-11-30 17:30:48,2023/11/D-23-640x360.jpg,2023/11/D-23-320x180.jpg,Game,geek/game/game-hololive-fan-made,2023-12-08 16:34:50
Game RPG Indie Populer Omori Akan Dapat Adaptasi Manga!,,Geek,Ahwil Rizky Muhammad,2023-11-30 17:00:32,2023/11/Game-Omori-Akan-Dapat-Adaptasi-Manga-Featured-640x360.jpg,2023/11/Game-Omori-Akan-Dapat-Adaptasi-Manga-Featured-320x180.jpg,Anime Manga,geek/anime-manga/game-rpg-indie-populer-omori-akan-dapat-adaptasi-manga,2023-12-08 16:34:50
"Jadwal VCT Game Changers 2023, Turnamen VCT Untuk Team Ladies","Jadwal VCT Game Changers 2023, Turnamen VCT Untuk Team Ladies",Esports,Mecca Medina,2023-11-30 16:30:49,2023/11/Jadwal-VCT-Game-Changers-2023-featured-640x360.jpg,2023/11/Jadwal-VCT-Game-Changers-2023-featured-320x180.jpg,Valorant,esports/valorant/jadwal-vct-game-changers-2023,2023-12-08 16:34:50
Hero-Hero yang Berpeluang Jadi Rebutan di M5 World Championship. Siapa Saja?,Hero-Hero yang Berpeluang Jadi Rebutan di M5 World Championship,Esports,Retna Kumalasari,2023-11-30 16:00:24,2023/11/Rebutan-di-M5-featured-640x360.jpg,2023/11/Rebutan-di-M5-featured-320x180.jpg,Mobile Legends,esports/mobile-legends/hero-yang-berpeluang-jadi-rebutan-di-m5,2023-12-08 16:34:50
Gorgc Bantah Fishman yang Menyebut Hadiah Riyadh Master Capai $45 Juta,Gorgc Bantah Fishman yang Menyebut Hadiah Riyadh Master $45 Juta,Esports,Mallasak,2023-11-30 15:30:09,2023/11/Credit-2-8-640x360.jpg,2023/11/Credit-2-8-320x180.jpg,Dota 2,esports/dota-2/gorgc-fishman-riyadh-masters,2023-12-08 16:34:50
Cara Memperoleh HR dan Zenny di Monster Hunter Now,,Geek,Dwi Ayu,2023-11-30 15:00:15,2023/11/D-18-640x360.jpg,2023/11/D-18-320x180.jpg,Game,geek/game/cara-memperoleh-hr-dan-zenny-di-monster-hunter-now,2023-12-08 16:34:50
Anime Magilumiere Co. Ltd. Siap Hadir Tahun 2024,Anime Magilumiere Co. Ltd. Siap Hadir Tahun 2024,Geek,Arini Rizki Fauziah,2023-11-30 14:40:10,2023/11/anime-magilumiere-feature-640x360.jpg,2023/11/anime-magilumiere-feature-320x180.jpg,Anime Manga,geek/anime-manga/anime-magilumiere,2023-12-08 16:34:50
Pelaku Penyebar Hoax Moonton Dukung Israel Akhirnya Berikan Klarifikasi!,Pelaku Penyebar Hoax Moonton Dukung Israel Akhirnya Berikan Klarifikasi,Esports,Ahwil Rizky Muhammad,2023-11-30 14:20:31,2023/11/Penyebar-Hoax-Moonton-Berikan-Klarifikasi-Featured-640x360.jpg,2023/11/Penyebar-Hoax-Moonton-Berikan-Klarifikasi-Featured-320x180.jpg,Mobile Legends,esports/mobile-legends/pelaku-penyebar-hoax-moonton-dukung-israel-akhirnya-berikan-klarifikasi,2023-12-08 16:34:50
Combo Sinergi Weapon Master Magic Chess yang Cukup OP,Combo Sinergi Weapon Master Magic Chess yang Cukup OP,Esports,Dwi Ayu,2023-11-30 14:00:40,2023/11/D-13-640x360.jpg,2023/11/D-13-320x180.jpg,Esports Lain,esports/esports-lain/combo-sinergi-weapon-master-magic-chess-2,2023-12-08 16:34:50
"OPINI: Prediksi Juara M5 Versi GGWP, Kami Kompak Memilih Tim...",Prediksi Juara M5 Versi GGWP: Kami Kompak Memilih Tim...,Esports,Mecca Medina,2023-11-30 13:40:51,2023/11/prediksi-juara-m5-ggwp-featured-640x360.jpg,2023/11/prediksi-juara-m5-ggwp-featured-320x180.jpg,Mobile Legends,esports/mobile-legends/prediksi-juara-m5-versi-ggwp,2023-12-08 16:34:50
SunBhie Setuju Jika Format DPC Dihilangkan dari Turnamen Dota 2,SunBhie Setuju Jika Format DPC Dihilangkan dari Turnamen Dota 2,Esports,Retna Kumalasari,2023-11-30 13:20:56,2023/11/Format-DPC-featured-640x360.jpg,2023/11/Format-DPC-featured-320x180.jpg,Dota 2,esports/dota-2/sunbhie-dpc,2023-12-08 16:34:50
Rekomendasi Game Action Adventure Bagi Pemula,Rekomendasi Game Action Adventure Bagi Pemula,Geek,Dwi Ayu,2023-11-30 13:00:09,2023/11/D-20-640x360.jpg,2023/11/D-20-320x180.jpg,Game,geek/game/game-action-adventure-pemula,2023-12-08 16:34:50
"Daftar Tim M5 Beserta Roster Lengkapnya, Siapa Jagoanmu?","Daftar Tim M5 Beserta Roster Lengkapnya, Siapa Jagoanmu?",Esports,Mecca Medina,2023-11-30 12:40:34,2023/11/Daftar-Tim-M5-featured-640x360.jpg,2023/11/Daftar-Tim-M5-featured-320x180.jpg,Mobile Legends,esports/mobile-legends/daftar-tim-m5,2023-12-08 16:34:50
Cara Gunakan Efek Elemen Ragnarok M: Eternal Love,,Geek,Dwi Ayu,2023-11-30 12:20:38,2023/11/E-119-640x360.jpg,2023/11/E-119-320x180.jpg,Game,geek/game/cara-gunakan-efek-elemen-ragnarok-m-eternal-love,2023-12-08 16:34:50
Game Racing PS2 Terbaik yang Bisa kamu Coba,,Geek,Dwi Ayu,2023-11-30 12:00:43,2023/11/D-27-640x360.jpg,2023/11/D-27-320x180.jpg,Game,geek/game/game-racing-ps2-terbaik-yang-bisa-kamu-coba,2023-12-08 16:34:50
Virus Resident Evil Mematikan yang Tidak Bisa Diremehkan,,Geek,Dwi Ayu,2023-11-30 11:40:42,2023/11/D-17-640x360.jpg,2023/11/D-17-320x180.jpg,Game,geek/game/virus-resident-evil-mematikan-yang-tidak-bisa-diremehkan,2023-12-08 16:34:50
Arteezy Tidak Peduli dengan TI Jika Menang Riyadh Masters,Arteezy Tidak Peduli dengan TI Jika Menang Riyadh Masters,Esports,Mallasak,2023-11-30 11:20:09,2023/11/Credit-3-5-640x360.jpg,2023/11/Credit-3-5-320x180.jpg,Dota 2,esports/dota-2/arteezy-ti-riyadh-masters,2023-12-08 16:34:50
Azure Rays Umumkan Susunan Roster Baru Mereka,Azure Rays Umumkan Susunan Roster Baru Mereka,Esports,Mallasak,2023-11-30 11:00:08,2023/11/Credit-4-5-640x360.jpg,2023/11/Credit-4-5-320x180.jpg,Dota 2,esports/dota-2/azure-rays-umumkan-susunan-roster-dota-baru,2023-12-08 16:34:50
Segera Tayang Spin Off Anime Blue Lock Hadirkan Episode Nagi,Spin Off Anime Blue Lock Episode Nagi Akan Segera Tayang,Geek,Adagium,2023-11-30 10:40:01,2023/11/blue-lock-episode-nagi-640x360.jpg,2023/11/blue-lock-episode-nagi-320x180.jpg,Anime Manga,geek/anime-manga/anime-blue-lock-episode-nagi,2023-12-08 16:34:50
Tasha Huo Jadi Penulis Naskah untuk Naruto Live Action! ,Tasha Huo Jadi Penulis Naskah untuk Naruto Live Action! ,Geek,Arini Rizki Fauziah,2023-11-30 10:20:17,2023/11/penulis-naruto-live-action-feature-640x360.jpg,2023/11/penulis-naruto-live-action-feature-320x180.jpg,Film,geek/film/tasha-huo-penulis-naruto-live-action,2023-12-08 16:34:50
Cara Mainkan Skill Commander Chou Magic Chess,,Esports,Dwi Ayu,2023-11-30 10:00:14,2023/11/D-11-640x360.jpg,2023/11/D-11-320x180.jpg,Esports Lain,esports/esports-lain/cara-mainkan-skill-commander-chou-magic-chess,2023-12-08 16:34:50
"Analisis 4 Duelist Team SMG, Ternyata Sinerginya Bagus!","Analisis 4 Duelist Team SMG, Ternyata Sinerginya Bagus!",Esports,Mecca Medina,2023-11-30 09:24:30,2023/11/team-smg-4-duelist-featured-640x360.jpg,2023/11/team-smg-4-duelist-featured-320x180.jpg,Valorant,esports/valorant/team-smg-4-duelist,2023-12-08 16:34:50
"Boss Resident Evil Terbaik, Seram dan Susah Dikalahin!","Boss Resident Evil Terbaik, Seram dan Susah Dikalahin!",Geek,Dwi Ayu,2023-11-30 09:00:36,2023/11/D-16-640x360.jpg,2023/11/D-16-320x180.jpg,Game,geek/game/boss-resident-evil-terbaik,2023-12-08 16:34:50
Mengenal Berbagai Item di Teamfight Tactics (TFT),Item Teamfight Tactics (TFT) yang Harus Kamu Ketahui,Esports,iqbal nuril,2023-11-30 08:30:57,2023/11/Mengenal-Berbagai-Item-di-Teamfight-Tactics-TFT_20231129_180033_0000-640x360.jpg,2023/11/Mengenal-Berbagai-Item-di-Teamfight-Tactics-TFT_20231129_180033_0000-320x180.jpg,Esports Lain,esports/esports-lain/item-teamfight-tactics,2023-12-08 16:34:50
Tips Meningkatkan Kekuatan Karakter di Lineage 2 Revolution,,Geek,Dwi Ayu,2023-11-30 07:00:11,2023/11/E-1-16-640x360.jpg,2023/11/E-1-16-320x180.jpg,Game,geek/game/tips-meningkatkan-kekuatan-karakter-di-lineage-2-revolution,2023-12-08 16:34:50
Hero Marksman yang Bagus untuk Defense High Grounds,,Esports,Elang,2023-11-30 06:00:26,2023/11/E-123-640x360.jpg,2023/11/E-123-320x180.jpg,Mobile Legends,esports/mobile-legends/hero-marksman-yang-bagus-untuk-defense-high-grounds,2023-12-08 16:34:50
Rekomendasi Build Karakter Regulus dari Reverse 1999,,Geek,Elang,2023-11-30 05:00:07,2023/11/E-117-640x360.jpg,2023/11/E-117-320x180.jpg,Game,geek/game/rekomendasi-build-karakter-regulus-dari-reverse-1999,2023-12-08 16:34:50
Hal Menarik Hero Dota 2 Ringmaster yang Heboh di Internet,Hal Menarik Hero Dota 2 Ringmaster yang Heboh di Internet,Esports,LORD,2023-11-30 04:00:03,2023/11/hero-dota-2-ringmaster-featured-640x360.jpg,2023/11/hero-dota-2-ringmaster-featured-320x180.jpg,Dota 2,esports/dota-2/hero-dota-2-ringmaster,2023-12-08 16:34:50
5 Hal Esensial yang Harus Dilakukan Saat Menyerang di Valorant,5 Hal Esensial yang Harus Dilakukan Saat Menyerang di Valorant,Esports,LORD,2023-11-30 02:00:03,2023/11/saat-menyerang-di-valorant-featured-640x360.jpg,2023/11/saat-menyerang-di-valorant-featured-320x180.jpg,Valorant,esports/valorant/saat-menyerang-di-valorant,2023-12-08 16:34:50
"Fakta Menarik Game Greedfall, Action RPG Latar Abad 18",,Geek,Dwi Ayu,2023-11-30 01:00:05,2023/11/D-19-640x360.jpg,2023/11/D-19-320x180.jpg,Game,geek/game/fakta-menarik-game-greedfall-action-rpg-latar-abad-18,2023-12-08 16:34:50
Manga Tiger Mask Dapat Adaptasi Film Live Action di Italia!,,Geek,Ahwil Rizky Muhammad,2023-11-29 21:00:50,2023/11/Tiger-Mask-Dapat-Adaptasi-Film-Italia-Featured-640x360.jpg,2023/11/Tiger-Mask-Dapat-Adaptasi-Film-Italia-Featured-320x180.jpg,Film,geek/film/manga-tiger-mask-dapat-adaptasi-film-live-action-di-italia,2023-12-08 16:34:50
3 Drop Zone Terbaik PUBG Mobile ala Morph GPX,,Esports,Arini Rizki Fauziah,2023-11-29 20:00:00,2023/11/Drop-Zone-Terbaik-PUBG-feature-640x360.jpg,2023/11/Drop-Zone-Terbaik-PUBG-feature-320x180.jpg,PUBG Mobile,esports/pubg-mobile/drop-zone-terbaik-pubg-mobile,2023-12-08 16:34:50
"Penjelasan Macro-Micro Management VALORANT Versi Anime, Akurat Atau Melenceng?",Penjelasan Macro-Micro Management VALORANT Versi Anime,Esports,Mecca Medina,2023-11-29 19:30:45,2023/11/Penjelasan-Macro-Micro-Management-VALORANT-featured-640x360.jpg,2023/11/Penjelasan-Macro-Micro-Management-VALORANT-featured-320x180.jpg,Valorant,esports/valorant/penjelasan-macro-micro-management-valorant,2023-12-08 16:34:50
Total Hadiah Riyadh Masters 2024 Dirumorkan Naik 3 Kali Lipat,Total Hadiah Riyadh Masters 2024 Dirumorkan Naik 3 Kali Lipat,Esports,Mallasak,2023-11-29 19:00:45,2023/11/Credit-2-7-640x360.jpg,2023/11/Credit-2-7-320x180.jpg,Dota 2,esports/dota-2/total-hadiah-riyadh-masters-2024-rumor-naik,2023-12-08 16:34:50
Anime Classroom of the Elite Season 3 Umumkan Tanggal Rilis,,Geek,Ahwil Rizky Muhammad,2023-11-29 18:30:42,2023/11/Classroom-of-the-Elite-Umumkan-Tanggal-Rilis-Featured-640x360.jpg,2023/11/Classroom-of-the-Elite-Umumkan-Tanggal-Rilis-Featured-320x180.jpg,Anime Manga,geek/anime-manga/anime-classroom-of-the-elite-season-3-umumkan-tanggal-rilis,2023-12-08 16:34:50
Chest Loot yang Sangat Berguna di Minecraft,,Geek,Dwi Ayu,2023-11-29 18:00:33,2023/11/D-14-640x360.jpg,2023/11/D-14-320x180.jpg,Game,geek/game/chest-loot-yang-sangat-berguna-di-minecraft,2023-12-08 16:34:50
Cara Counter Wraith King Paling Jitu di Dota 2,Wajib Tahu! Cara Counter Wraith King Paling Jitu di Dota 2,Esports,LORD,2023-11-29 17:30:30,2023/11/cara-counter-wraith-king-featured-640x360.jpg,2023/11/cara-counter-wraith-king-featured-320x180.jpg,Dota 2,esports/dota-2/cara-counter-wraith-king,2023-12-08 16:34:50
Cerita di Balik Masuknya RBL Vincent ke Dalam Roster Rebellion Zion untuk MPL ID,Masuknya RBL Vincentt ke Dalam Roster Rebellion Zion untuk MPL ID,Esports,Retna Kumalasari,2023-11-29 17:00:30,2023/11/RBL-Vincentt-featured-640x360.jpeg,2023/11/RBL-Vincentt-featured-320x180.jpeg,Mobile Legends,esports/mobile-legends/masuknya-rbl-vincentt-ke-dalam-roster-rebellion-zion,2023-12-08 16:34:50
Guide Phantom di Valorant untuk Memenangi Pertarungan Kamu,Guide Phantom di Valorant untuk Memenangi Pertarungan Kamu,Esports,LORD,2023-11-29 16:30:45,2023/11/guide-phantom-di-valorant-featured-640x360.jpg,2023/11/guide-phantom-di-valorant-featured-320x180.jpg,Valorant,esports/valorant/guide-phantom-di-valorant,2023-12-08 16:34:50
"100+ Nama Free Fire (FF) Stylish Terbaru, Kece Banget!","100+ Nama Free Fire (FF) Stylish Terbaru, Kece Banget!",Esports,Ahwil Rizky Muhammad,2023-11-29 16:00:56,2023/11/Nama-Free-Fire-FF-Stylish-Featured-640x360.jpg,2023/11/Nama-Free-Fire-FF-Stylish-Featured-320x180.jpg,Free Fire,esports/free-fire/nama-free-fire-ff-stylish-terbaru,2023-12-08 16:34:50
Gameplay Gusion Umbrella Troublemaker di Gelaran M5 Wild Card!,Gameplay Gusion Umbrella Troublemaker di Gelaran M5 Wild Card!,Esports,Retna Kumalasari,2023-11-29 15:30:12,2023/11/Gameplay-Gusion-Umbrella-Troublemaker-featured-640x360.jpg,2023/11/Gameplay-Gusion-Umbrella-Troublemaker-featured-320x180.jpg,Mobile Legends,esports/mobile-legends/gameplay-gusion-umbrella-troublemaker,2023-12-08 16:34:50
"5 Item In-Game Termahal, Harganya Sampai Rp 90 Miliar!","Item In-Game Termahal, Harganya Sampai Rp 90 Miliar!",Geek,Mecca Medina,2023-11-29 15:03:13,2023/11/Item-In-Game-Termahal-featured-640x360.jpg,2023/11/Item-In-Game-Termahal-featured-320x180.jpg,Game,geek/game/item-in-game-termahal,2023-12-08 16:34:50
Pembahasan Blue Lock Chapter 242 Hadirkan Masa Lalu Alexis Ness,Blue Lock Chapter 242 Hadirkan Masa Lalu Alexis Ness,Geek,Adagium,2023-11-29 15:00:58,2023/11/blue-lock-242-640x360.jpg,2023/11/blue-lock-242-320x180.jpg,Anime Manga,geek/anime-manga/blue-lock-chapter-242,2023-12-08 16:34:50
"Mengenal Origins di TFT (Teamfight Tactics), Ada Apa Saja?","Mengenal Origins di TFT (Teamfight Tactics), Ada Apa Saja?",Esports,Jefri Sibarani,2023-11-29 14:40:44,2023/11/origins-tft-640x360.jpg,2023/11/origins-tft-320x180.jpg,Esports Lain,esports/esports-lain/origins-di-tft-teamfight-tactics,2023-12-08 16:34:50
"Kemunculan Skirk Genshin Impact, Guru Childe dari Abyss!","Kemunculan Skirk Genshin Impact, Guru Childe dari Abyss!",Geek,Taufiq Radityadji,2023-11-29 14:20:45,2023/11/Kemunculan-Skirk-Genshin-Impact-featured-640x360.jpg,2023/11/Kemunculan-Skirk-Genshin-Impact-featured-320x180.jpg,Game,geek/game/kemunculan-skirk-genshin-impact,2023-12-08 16:34:50
"Open World Like a Dragon: Infinite Wealth Diungkap, Banyak Lokasi Menarik di Hawaii!",Open World Like a Dragon: Infinite Wealth Diungkap,Geek,AI.da Lovelace,2023-11-29 14:00:22,2023/11/Open-World-Like-a-Dragon-Infinite-Wealth-featured-640x360.jpg,2023/11/Open-World-Like-a-Dragon-Infinite-Wealth-featured-320x180.jpg,Game,geek/game/open-world-like-a-dragon-infinite-wealth,2023-12-08 16:34:50
KBG Simba Katakan Tim China Bisa Saingi Tim Indonesia dan Filipina?,China Bisa Saingi Indonesia Dalam 1 Tahun Menurut KBG Simba,Esports,Taufiq Radityadji,2023-11-29 13:40:00,2023/11/China-Bisa-Saingi-Indonesia-featured-640x360.jpg,2023/11/China-Bisa-Saingi-Indonesia-featured-320x180.jpg,Mobile Legends,esports/mobile-legends/china-bisa-saingi-indonesia,2023-12-08 16:34:50
Anime Jiisan Baasan Wakagaeru Ungkap Pemeran dan Visual Utama,,Geek,Ahwil Rizky Muhammad,2023-11-29 13:20:19,2023/11/Anime-Jiisan-Baasan-Wakagaeru-Ungkap-Pemeran-dan-Visual-Featured-640x360.jpg,2023/11/Anime-Jiisan-Baasan-Wakagaeru-Ungkap-Pemeran-dan-Visual-Featured-320x180.jpg,Anime Manga,geek/anime-manga/anime-jiisan-baasan-wakagaeru-ungkap-pemeran-dan-visual-utama,2023-12-08 16:34:50
"Jadwal Grand Final PMGC 2023, 2 Tim Indonesia Berjuang Jadi Juara!","Jadwal Grand Final PMGC 2023, 2 Tim Indonesia Berjuang Jadi Juara!",Esports,Mecca Medina,2023-11-29 13:00:32,2023/11/Jadwal-Grand-Final-PMGC-2023-featured-640x360.jpg,2023/11/Jadwal-Grand-Final-PMGC-2023-featured-320x180.jpg,PUBG Mobile,esports/pubg-mobile/jadwal-grand-final-pmgc-2023,2023-12-08 16:34:50
Ini Cara Blacklist International untuk Menghindari Kutukan MPLI,Upaya Blacklist International Untuk Menghindari Kutukan MPLI.,Esports,Retna Kumalasari,2023-11-29 12:00:14,2023/11/Kutukan-MPLI-3-640x360.jpeg,2023/11/Kutukan-MPLI-3-320x180.jpeg,Mobile Legends,esports/mobile-legends/upaya-blacklist-international-menghindari-kutukan-mpli,2023-12-08 16:34:50
Seagate Hadirkan Game Drive PS5 NVME SSD Berlisensi PlayStation Resmi,Seagate Hadirkan Game Drive PS5 NVME SSD Berlisensi PlayStation,Tekno,iqbal nuril,2023-11-29 11:50:59,2023/10/Seagate-Hadirkan-Game-Drive-PS5-NVME-SSD-Berlisensi-PlayStation-Resmi-640x360.jpg,2023/10/Seagate-Hadirkan-Game-Drive-PS5-NVME-SSD-Berlisensi-PlayStation-Resmi-320x180.jpg,Gadget,tekno/gadget/seagate-hadirkan-game-drive-ps5-nvme-ssd-berlisensi-playstation-resmi,2023-12-08 16:34:50
Cara Gunakan Skill Commander Fanny Magic Chess,,Esports,Dwi Ayu,2023-11-29 11:38:31,2023/11/D-10-640x360.jpg,2023/11/D-10-320x180.jpg,Esports Lain,esports/esports-lain/cara-gunakan-skill-commander-fanny-magic-chess,2023-12-08 16:34:50
"Sempat Terkendala Paspor, Burmese Ghouls Dipastikan Tetap Ikut M5",Burmese Ghouls Dipastikan Ikut M5 Setelah Disinyalir Terkendala Paspor,Esports,Mecca Medina,2023-11-29 10:40:25,2023/11/Burmese-Ghouls-Dipastikan-Ikut-M5-featured-640x360.jpg,2023/11/Burmese-Ghouls-Dipastikan-Ikut-M5-featured-320x180.jpg,Mobile Legends,esports/mobile-legends/burmese-ghouls-dipastikan-ikut-m5,2023-12-08 16:34:50
Puppey Minta Haters Diam dan Tidak Banyak Berkomentar!,Puppey Minta Haters Diam dan Tidak Banyak Berkomentar!,Esports,Taufiq Radityadji,2023-11-29 10:20:46,2023/11/Puppey-Minta-Haters-Diam-featured-640x360.jpg,2023/11/Puppey-Minta-Haters-Diam-featured-320x180.jpg,Dota 2,esports/dota-2/puppey-minta-haters-diam,2023-12-08 16:34:50
